Feature_ID	Proto-language	gray_parsimony_prediction_0	gray_parsimony_prediction_1	ntips_parsimony_gray	min_parsimony_gray	min_percent_parsimony_gray	gray_parsimony_prediction	Prediction	Parsimony result (Gray et al 2009-tree posteriors)
GB020	Proto-Central Pacific	0	1	129	51	0.3953488372093023	Present	NA	NA
GB020	Proto-Eastern Polynesian	0	1	129	51	0.3953488372093023	Present	NA	NA
GB020	Proto-Oceanic	0.945	0.054999999999999986	129	51	0.3953488372093023	Absent	NA	NA
GB020	Proto-Polynesian	0	1	129	51	0.3953488372093023	Present	1	True Positive
GB021	Proto-Central Pacific	1	0	116	42	0.3620689655172414	Absent	NA	NA
GB021	Proto-Eastern Polynesian	0.009999999999999997	0.99	116	42	0.3620689655172414	Present	NA	NA
GB021	Proto-Oceanic	1	0	116	42	0.3620689655172414	Absent	NA	NA
GB021	Proto-Polynesian	0	1	116	42	0.3620689655172414	Present	1	True Positive
GB022	Proto-Central Pacific	0	1	130	49	0.3769230769230769	Present	NA	NA
GB022	Proto-Eastern Polynesian	0	1	130	49	0.3769230769230769	Present	NA	NA
GB022	Proto-Oceanic	0.425	0.575	130	49	0.3769230769230769	Half	1	Half
GB022	Proto-Polynesian	0	1	130	49	0.3769230769230769	Present	1	True Positive
GB023	Proto-Central Pacific	1	0	129	25	0.19379844961240308	Absent	NA	NA
GB023	Proto-Eastern Polynesian	1	0	129	25	0.19379844961240308	Absent	NA	NA
GB023	Proto-Oceanic	1	0	129	25	0.19379844961240308	Absent	0	True Negative
GB023	Proto-Polynesian	1	0	129	25	0.19379844961240308	Absent	NA	NA
GB024a	Proto-Central Pacific	0.20121428571428573	0.7987857142857143	126	61	0.4841269841269842	Present	NA	NA
GB024a	Proto-Eastern Polynesian	0.035999999999999976	0.964	126	61	0.4841269841269842	Present	NA	NA
GB024a	Proto-Oceanic	0.5	0.5	126	61	0.4841269841269842	Half	NA	NA
GB024a	Proto-Polynesian	0.9307287157287157	0.06927128427128426	126	61	0.4841269841269842	Absent	NA	NA
GB024b	Proto-Central Pacific	0.038	0.962	126	49	0.3888888888888889	Present	NA	NA
GB024b	Proto-Eastern Polynesian	0.03500000000000001	0.9650000000000001	126	49	0.3888888888888889	Present	NA	NA
GB024b	Proto-Oceanic	0.0049999999999999975	0.995	126	49	0.3888888888888889	Present	NA	NA
GB024b	Proto-Polynesian	0	1	126	49	0.3888888888888889	Present	NA	NA
GB025a	Proto-Central Pacific	1	0	125	34	0.272	Absent	NA	NA
GB025a	Proto-Eastern Polynesian	0	1	125	34	0.272	Present	NA	NA
GB025a	Proto-Oceanic	1	0	125	34	0.272	Absent	0	True Negative
GB025a	Proto-Polynesian	1	0	125	34	0.272	Absent	NA	NA
GB025b	Proto-Central Pacific	0	1	125	19	0.152	Present	NA	NA
GB025b	Proto-Eastern Polynesian	0	1	125	19	0.152	Present	NA	NA
GB025b	Proto-Oceanic	0	1	125	19	0.152	Present	1	True Positive
GB025b	Proto-Polynesian	0	1	125	19	0.152	Present	NA	NA
GB026	Proto-Central Pacific	1	0	116	0	0	Absent	NA	NA
GB026	Proto-Eastern Polynesian	1	0	116	0	0	Absent	NA	NA
GB026	Proto-Oceanic	1	0	116	0	0	Absent	NA	NA
GB026	Proto-Polynesian	1	0	116	0	0	Absent	NA	NA
GB027	Proto-Central Pacific	0.5	0.5	102	34	0.3333333333333333	Half	NA	NA
GB027	Proto-Eastern Polynesian	0.4688333333333333	0.5311666666666667	102	34	0.3333333333333333	Half	NA	NA
GB027	Proto-Oceanic	0	1	102	34	0.3333333333333333	Present	NA	NA
GB027	Proto-Polynesian	0.9666666666666667	0.03333333333333332	102	34	0.3333333333333333	Absent	NA	NA
GB028	Proto-Central Pacific	0	1	132	2	0.015151515151515154	Present	NA	NA
GB028	Proto-Eastern Polynesian	0	1	132	2	0.015151515151515154	Present	NA	NA
GB028	Proto-Oceanic	0	1	132	2	0.015151515151515154	Present	1	True Positive
GB028	Proto-Polynesian	0	1	132	2	0.015151515151515154	Present	1	True Positive
GB030	Proto-Central Pacific	1	0	131	6	0.04580152671755725	Absent	NA	NA
GB030	Proto-Eastern Polynesian	1	0	131	6	0.04580152671755725	Absent	NA	NA
GB030	Proto-Oceanic	1	0	131	6	0.04580152671755725	Absent	0	True Negative
GB030	Proto-Polynesian	1	0	131	6	0.04580152671755725	Absent	NA	NA
GB031	Proto-Central Pacific	0	1	130	42	0.3230769230769231	Present	NA	NA
GB031	Proto-Eastern Polynesian	0	1	130	42	0.3230769230769231	Present	NA	NA
GB031	Proto-Oceanic	0.25	0.75	130	42	0.3230769230769231	Present	1	True Positive
GB031	Proto-Polynesian	0	1	130	42	0.3230769230769231	Present	1	True Positive
GB035	Proto-Central Pacific	0	1	112	30	0.26785714285714285	Present	NA	NA
GB035	Proto-Eastern Polynesian	0	1	112	30	0.26785714285714285	Present	NA	NA
GB035	Proto-Oceanic	0.05499999999999999	0.9450000000000001	112	30	0.26785714285714285	Present	1	True Positive
GB035	Proto-Polynesian	0	1	112	30	0.26785714285714285	Present	1	True Positive
GB036	Proto-Central Pacific	1	0	111	8	0.07207207207207207	Absent	NA	NA
GB036	Proto-Eastern Polynesian	1	0	111	8	0.07207207207207207	Absent	NA	NA
GB036	Proto-Oceanic	1	0	111	8	0.07207207207207207	Absent	NA	NA
GB036	Proto-Polynesian	1	0	111	8	0.07207207207207207	Absent	NA	NA
GB037	Proto-Central Pacific	1	0	111	11	0.0990990990990991	Absent	NA	NA
GB037	Proto-Eastern Polynesian	1	0	111	11	0.0990990990990991	Absent	NA	NA
GB037	Proto-Oceanic	1	0	111	11	0.0990990990990991	Absent	NA	NA
GB037	Proto-Polynesian	1	0	111	11	0.0990990990990991	Absent	NA	NA
GB038	Proto-Central Pacific	1	0	119	5	0.042016806722689086	Absent	NA	NA
GB038	Proto-Eastern Polynesian	1	0	119	5	0.042016806722689086	Absent	NA	NA
GB038	Proto-Oceanic	1	0	119	5	0.042016806722689086	Absent	NA	NA
GB038	Proto-Polynesian	1	0	119	5	0.042016806722689086	Absent	NA	NA
GB039	Proto-Central Pacific	1	0	119	13	0.1092436974789916	Absent	NA	NA
GB039	Proto-Eastern Polynesian	1	0	119	13	0.1092436974789916	Absent	NA	NA
GB039	Proto-Oceanic	1	0	119	13	0.1092436974789916	Absent	NA	NA
GB039	Proto-Polynesian	1	0	119	13	0.1092436974789916	Absent	NA	NA
GB041	Proto-Central Pacific	1	0	96	3	0.03125	Absent	NA	NA
GB041	Proto-Eastern Polynesian	1	0	96	3	0.03125	Absent	NA	NA
GB041	Proto-Oceanic	1	0	96	3	0.03125	Absent	NA	NA
GB041	Proto-Polynesian	1	0	96	3	0.03125	Absent	NA	NA
GB042	Proto-Central Pacific	1	0	129	3	0.023255813953488375	Absent	NA	NA
GB042	Proto-Eastern Polynesian	1	0	129	3	0.023255813953488375	Absent	NA	NA
GB042	Proto-Oceanic	1	0	129	3	0.023255813953488375	Absent	NA	NA
GB042	Proto-Polynesian	1	0	129	3	0.023255813953488375	Absent	NA	NA
GB043	Proto-Central Pacific	1	0	128	2	0.015625	Absent	NA	NA
GB043	Proto-Eastern Polynesian	1	0	128	2	0.015625	Absent	NA	NA
GB043	Proto-Oceanic	1	0	128	2	0.015625	Absent	NA	NA
GB043	Proto-Polynesian	1	0	128	2	0.015625	Absent	NA	NA
GB044	Proto-Central Pacific	1	0	126	15	0.11904761904761905	Absent	NA	NA
GB044	Proto-Eastern Polynesian	1	0	126	15	0.11904761904761905	Absent	NA	NA
GB044	Proto-Oceanic	1	0	126	15	0.11904761904761905	Absent	NA	NA
GB044	Proto-Polynesian	1	0	126	15	0.11904761904761905	Absent	NA	NA
GB046	Proto-Central Pacific	0.47333333333333333	0.5266666666666666	66	21	0.3181818181818182	Half	NA	NA
GB046	Proto-Eastern Polynesian	1	0	66	21	0.3181818181818182	Absent	NA	NA
GB046	Proto-Oceanic	1	0	66	21	0.3181818181818182	Absent	NA	NA
GB046	Proto-Polynesian	0.892	0.108	66	21	0.3181818181818182	Absent	NA	NA
GB047	Proto-Central Pacific	0	1	104	30	0.28846153846153844	Present	NA	NA
GB047	Proto-Eastern Polynesian	0.004999999999999997	0.995	104	30	0.28846153846153844	Present	NA	NA
GB047	Proto-Oceanic	0	1	104	30	0.28846153846153844	Present	1	True Positive
GB047	Proto-Polynesian	0	1	104	30	0.28846153846153844	Present	NA	NA
GB048	Proto-Central Pacific	0.9853333333333333	0.01466666666666667	95	32	0.3368421052631579	Absent	NA	NA
GB048	Proto-Eastern Polynesian	1	0	95	32	0.3368421052631579	Absent	NA	NA
GB048	Proto-Oceanic	1	0	95	32	0.3368421052631579	Absent	NA	NA
GB048	Proto-Polynesian	0.9853333333333333	0.01466666666666667	95	32	0.3368421052631579	Absent	NA	NA
GB049	Proto-Central Pacific	0	1	102	41	0.4019607843137255	Present	NA	NA
GB049	Proto-Eastern Polynesian	0.8525	0.14750000000000002	102	41	0.4019607843137255	Absent	NA	NA
GB049	Proto-Oceanic	0	1	102	41	0.4019607843137255	Present	1	True Positive
GB049	Proto-Polynesian	0	1	102	41	0.4019607843137255	Present	NA	NA
GB051	Proto-Central Pacific	1	0	124	2	0.016129032258064516	Absent	NA	NA
GB051	Proto-Eastern Polynesian	1	0	124	2	0.016129032258064516	Absent	NA	NA
GB051	Proto-Oceanic	1	0	124	2	0.016129032258064516	Absent	0	True Negative
GB051	Proto-Polynesian	1	0	124	2	0.016129032258064516	Absent	NA	NA
GB052	Proto-Central Pacific	1	0	123	3	0.024390243902439025	Absent	NA	NA
GB052	Proto-Eastern Polynesian	1	0	123	3	0.024390243902439025	Absent	NA	NA
GB052	Proto-Oceanic	1	0	123	3	0.024390243902439025	Absent	0	True Negative
GB052	Proto-Polynesian	1	0	123	3	0.024390243902439025	Absent	NA	NA
GB053	Proto-Central Pacific	1	0	121	9	0.0743801652892562	Absent	NA	NA
GB053	Proto-Eastern Polynesian	1	0	121	9	0.0743801652892562	Absent	NA	NA
GB053	Proto-Oceanic	1	0	121	9	0.0743801652892562	Absent	0	True Negative
GB053	Proto-Polynesian	1	0	121	9	0.0743801652892562	Absent	NA	NA
GB054	Proto-Central Pacific	1	0	121	3	0.02479338842975207	Absent	NA	NA
GB054	Proto-Eastern Polynesian	1	0	121	3	0.02479338842975207	Absent	NA	NA
GB054	Proto-Oceanic	1	0	121	3	0.02479338842975207	Absent	0	True Negative
GB054	Proto-Polynesian	1	0	121	3	0.02479338842975207	Absent	NA	NA
GB057	Proto-Central Pacific	0.16366666666666668	0.8363333333333334	121	40	0.33057851239669417	Present	NA	NA
GB057	Proto-Eastern Polynesian	0.305	0.6950000000000001	121	40	0.33057851239669417	Present	NA	NA
GB057	Proto-Oceanic	0.7	0.3	121	40	0.33057851239669417	Absent	NA	NA
GB057	Proto-Polynesian	0.06199999999999997	0.938	121	40	0.33057851239669417	Present	NA	NA
GB058	Proto-Central Pacific	0	1	120	52	0.4333333333333334	Present	NA	NA
GB058	Proto-Eastern Polynesian	1	0	120	52	0.4333333333333334	Absent	NA	NA
GB058	Proto-Oceanic	0.3	0.7	120	52	0.4333333333333334	Present	1	True Positive
GB058	Proto-Polynesian	0.9299999999999999	0.06999999999999998	120	52	0.4333333333333334	Absent	NA	NA
GB059	Proto-Central Pacific	0	1	126	3	0.023809523809523808	Present	NA	NA
GB059	Proto-Eastern Polynesian	0	1	126	3	0.023809523809523808	Present	NA	NA
GB059	Proto-Oceanic	0	1	126	3	0.023809523809523808	Present	1	True Positive
GB059	Proto-Polynesian	0	1	126	3	0.023809523809523808	Present	1	True Positive
GB065a	Proto-Central Pacific	0.3199285714285714	0.6800714285714285	131	61	0.4656488549618321	Present	NA	NA
GB065a	Proto-Eastern Polynesian	0	1	131	61	0.4656488549618321	Present	NA	NA
GB065a	Proto-Oceanic	0.225	0.775	131	61	0.4656488549618321	Present	1	True Positive
GB065a	Proto-Polynesian	0.20319474969474968	0.7968052503052503	131	61	0.4656488549618321	Present	NA	NA
GB065b	Proto-Central Pacific	0	1	131	22	0.16793893129770993	Present	NA	NA
GB065b	Proto-Eastern Polynesian	0	1	131	22	0.16793893129770993	Present	NA	NA
GB065b	Proto-Oceanic	0.024999999999999988	0.975	131	22	0.16793893129770993	Present	1	True Positive
GB065b	Proto-Polynesian	0	1	131	22	0.16793893129770993	Present	NA	NA
GB068	Proto-Central Pacific	0	1	112	31	0.2767857142857143	Present	NA	NA
GB068	Proto-Eastern Polynesian	0	1	112	31	0.2767857142857143	Present	NA	NA
GB068	Proto-Oceanic	0.435	0.565	112	31	0.2767857142857143	Half	1	Half
GB068	Proto-Polynesian	0	1	112	31	0.2767857142857143	Present	NA	NA
GB069	Proto-Central Pacific	1	0	104	39	0.375	Absent	NA	NA
GB069	Proto-Eastern Polynesian	1	0	104	39	0.375	Absent	NA	NA
GB069	Proto-Oceanic	0.65	0.35	104	39	0.375	Absent	NA	NA
GB069	Proto-Polynesian	1	0	104	39	0.375	Absent	NA	NA
GB070	Proto-Central Pacific	1	0	124	7	0.05645161290322581	Absent	NA	NA
GB070	Proto-Eastern Polynesian	1	0	124	7	0.05645161290322581	Absent	NA	NA
GB070	Proto-Oceanic	1	0	124	7	0.05645161290322581	Absent	NA	NA
GB070	Proto-Polynesian	1	0	124	7	0.05645161290322581	Absent	0	True Negative
GB071	Proto-Central Pacific	1	0	124	29	0.2338709677419355	Absent	0	True Negative
GB071	Proto-Eastern Polynesian	1	0	124	29	0.2338709677419355	Absent	NA	NA
GB071	Proto-Oceanic	1	0	124	29	0.2338709677419355	Absent	NA	NA
GB071	Proto-Polynesian	1	0	124	29	0.2338709677419355	Absent	NA	NA
GB072	Proto-Central Pacific	1	0	122	19	0.1557377049180328	Absent	NA	NA
GB072	Proto-Eastern Polynesian	1	0	122	19	0.1557377049180328	Absent	NA	NA
GB072	Proto-Oceanic	1	0	122	19	0.1557377049180328	Absent	NA	NA
GB072	Proto-Polynesian	1	0	122	19	0.1557377049180328	Absent	NA	NA
GB073	Proto-Central Pacific	1	0	120	33	0.275	Absent	0	True Negative
GB073	Proto-Eastern Polynesian	1	0	120	33	0.275	Absent	NA	NA
GB073	Proto-Oceanic	1	0	120	33	0.275	Absent	NA	NA
GB073	Proto-Polynesian	1	0	120	33	0.275	Absent	NA	NA
GB074	Proto-Central Pacific	0	1	128	9	0.0703125	Present	NA	NA
GB074	Proto-Eastern Polynesian	0	1	128	9	0.0703125	Present	NA	NA
GB074	Proto-Oceanic	0.0049999999999999975	0.995	128	9	0.0703125	Present	1	True Positive
GB074	Proto-Polynesian	0	1	128	9	0.0703125	Present	1	True Positive
GB075	Proto-Central Pacific	1	0	122	15	0.12295081967213117	Absent	NA	NA
GB075	Proto-Eastern Polynesian	1	0	122	15	0.12295081967213117	Absent	NA	NA
GB075	Proto-Oceanic	0.825	0.175	122	15	0.12295081967213117	Absent	0	True Negative
GB075	Proto-Polynesian	1	0	122	15	0.12295081967213117	Absent	NA	NA
GB079	Proto-Central Pacific	0	1	131	12	0.0916030534351145	Present	1	True Positive
GB079	Proto-Eastern Polynesian	0	1	131	12	0.0916030534351145	Present	NA	NA
GB079	Proto-Oceanic	0	1	131	12	0.0916030534351145	Present	1	True Positive
GB079	Proto-Polynesian	0	1	131	12	0.0916030534351145	Present	NA	NA
GB080	Proto-Central Pacific	0	1	130	26	0.2	Present	NA	NA
GB080	Proto-Eastern Polynesian	0.306	0.6940000000000001	130	26	0.2	Present	NA	NA
GB080	Proto-Oceanic	0	1	130	26	0.2	Present	NA	NA
GB080	Proto-Polynesian	0	1	130	26	0.2	Present	NA	NA
GB081	Proto-Central Pacific	1	0	122	10	0.08196721311475409	Absent	NA	NA
GB081	Proto-Eastern Polynesian	1	0	122	10	0.08196721311475409	Absent	NA	NA
GB081	Proto-Oceanic	1	0	122	10	0.08196721311475409	Absent	NA	NA
GB081	Proto-Polynesian	1	0	122	10	0.08196721311475409	Absent	NA	NA
GB082	Proto-Central Pacific	1	0	129	10	0.07751937984496124	Absent	NA	NA
GB082	Proto-Eastern Polynesian	1	0	129	10	0.07751937984496124	Absent	NA	NA
GB082	Proto-Oceanic	1	0	129	10	0.07751937984496124	Absent	0	True Negative
GB082	Proto-Polynesian	1	0	129	10	0.07751937984496124	Absent	NA	NA
GB083	Proto-Central Pacific	1	0	128	18	0.140625	Absent	NA	NA
GB083	Proto-Eastern Polynesian	1	0	128	18	0.140625	Absent	NA	NA
GB083	Proto-Oceanic	1	0	128	18	0.140625	Absent	0	True Negative
GB083	Proto-Polynesian	1	0	128	18	0.140625	Absent	NA	NA
GB084	Proto-Central Pacific	1	0	128	21	0.1640625	Absent	NA	NA
GB084	Proto-Eastern Polynesian	1	0	128	21	0.1640625	Absent	NA	NA
GB084	Proto-Oceanic	1	0	128	21	0.1640625	Absent	0	True Negative
GB084	Proto-Polynesian	1	0	128	21	0.1640625	Absent	NA	NA
GB086	Proto-Central Pacific	1	0	121	40	0.33057851239669417	Absent	NA	NA
GB086	Proto-Eastern Polynesian	1	0	121	40	0.33057851239669417	Absent	NA	NA
GB086	Proto-Oceanic	1	0	121	40	0.33057851239669417	Absent	1	False Negative
GB086	Proto-Polynesian	1	0	121	40	0.33057851239669417	Absent	NA	NA
GB089	Proto-Central Pacific	1	0	129	13	0.10077519379844961	Absent	NA	NA
GB089	Proto-Eastern Polynesian	1	0	129	13	0.10077519379844961	Absent	NA	NA
GB089	Proto-Oceanic	1	0	129	13	0.10077519379844961	Absent	0	True Negative
GB089	Proto-Polynesian	1	0	129	13	0.10077519379844961	Absent	NA	NA
GB090	Proto-Central Pacific	1	0	129	51	0.3953488372093023	Absent	NA	NA
GB090	Proto-Eastern Polynesian	1	0	129	51	0.3953488372093023	Absent	NA	NA
GB090	Proto-Oceanic	0.355	0.645	129	51	0.3953488372093023	Present	1	True Positive
GB090	Proto-Polynesian	1	0	129	51	0.3953488372093023	Absent	NA	NA
GB091	Proto-Central Pacific	1	0	126	10	0.07936507936507936	Absent	NA	NA
GB091	Proto-Eastern Polynesian	1	0	126	10	0.07936507936507936	Absent	NA	NA
GB091	Proto-Oceanic	1	0	126	10	0.07936507936507936	Absent	0	True Negative
GB091	Proto-Polynesian	1	0	126	10	0.07936507936507936	Absent	NA	NA
GB092	Proto-Central Pacific	1	0	125	46	0.368	Absent	NA	NA
GB092	Proto-Eastern Polynesian	1	0	125	46	0.368	Absent	NA	NA
GB092	Proto-Oceanic	0.355	0.645	125	46	0.368	Present	1	True Positive
GB092	Proto-Polynesian	1	0	125	46	0.368	Absent	NA	NA
GB093	Proto-Central Pacific	0	1	128	52	0.40625000000000006	Present	NA	NA
GB093	Proto-Eastern Polynesian	1	0	128	52	0.40625000000000006	Absent	NA	NA
GB093	Proto-Oceanic	0	1	128	52	0.40625000000000006	Present	1	True Positive
GB093	Proto-Polynesian	0.98	0.019999999999999993	128	52	0.40625000000000006	Absent	NA	NA
GB094	Proto-Central Pacific	1	0	128	2	0.015625	Absent	NA	NA
GB094	Proto-Eastern Polynesian	1	0	128	2	0.015625	Absent	NA	NA
GB094	Proto-Oceanic	1	0	128	2	0.015625	Absent	0	True Negative
GB094	Proto-Polynesian	1	0	128	2	0.015625	Absent	NA	NA
GB095	Proto-Central Pacific	1	0	115	6	0.052173913043478265	Absent	NA	NA
GB095	Proto-Eastern Polynesian	1	0	115	6	0.052173913043478265	Absent	NA	NA
GB095	Proto-Oceanic	1	0	115	6	0.052173913043478265	Absent	NA	NA
GB095	Proto-Polynesian	1	0	115	6	0.052173913043478265	Absent	NA	NA
GB096	Proto-Central Pacific	1	0	116	15	0.12931034482758622	Absent	NA	NA
GB096	Proto-Eastern Polynesian	0.995	0.004999999999999997	116	15	0.12931034482758622	Absent	NA	NA
GB096	Proto-Oceanic	1	0	116	15	0.12931034482758622	Absent	NA	NA
GB096	Proto-Polynesian	1	0	116	15	0.12931034482758622	Absent	NA	NA
GB098	Proto-Central Pacific	1	0	116	22	0.1896551724137931	Absent	NA	NA
GB098	Proto-Eastern Polynesian	1	0	116	22	0.1896551724137931	Absent	NA	NA
GB098	Proto-Oceanic	1	0	116	22	0.1896551724137931	Absent	NA	NA
GB098	Proto-Polynesian	1	0	116	22	0.1896551724137931	Absent	NA	NA
GB099	Proto-Central Pacific	1	0	102	2	0.019607843137254898	Absent	NA	NA
GB099	Proto-Eastern Polynesian	1	0	102	2	0.019607843137254898	Absent	NA	NA
GB099	Proto-Oceanic	1	0	102	2	0.019607843137254898	Absent	NA	NA
GB099	Proto-Polynesian	1	0	102	2	0.019607843137254898	Absent	NA	NA
GB103	Proto-Central Pacific	1	0	106	14	0.1320754716981132	Absent	NA	NA
GB103	Proto-Eastern Polynesian	1	0	106	14	0.1320754716981132	Absent	NA	NA
GB103	Proto-Oceanic	0.6799999999999999	0.32	106	14	0.1320754716981132	Absent	NA	NA
GB103	Proto-Polynesian	1	0	106	14	0.1320754716981132	Absent	NA	NA
GB104	Proto-Central Pacific	0.9516666666666667	0.04833333333333333	105	13	0.12380952380952381	Absent	NA	NA
GB104	Proto-Eastern Polynesian	1	0	105	13	0.12380952380952381	Absent	NA	NA
GB104	Proto-Oceanic	1	0	105	13	0.12380952380952381	Absent	NA	NA
GB104	Proto-Polynesian	0.9516666666666667	0.04833333333333333	105	13	0.12380952380952381	Absent	NA	NA
GB105	Proto-Central Pacific	0.7473015873015872	0.2526984126984127	98	48	0.48979591836734687	Absent	NA	NA
GB105	Proto-Eastern Polynesian	0.94	0.059999999999999984	98	48	0.48979591836734687	Absent	NA	NA
GB105	Proto-Oceanic	0.415	0.585	98	48	0.48979591836734687	Half	0	Half
GB105	Proto-Polynesian	1	0	98	48	0.48979591836734687	Absent	NA	NA
GB107	Proto-Central Pacific	1	0	131	31	0.2366412213740458	Absent	NA	NA
GB107	Proto-Eastern Polynesian	1	0	131	31	0.2366412213740458	Absent	NA	NA
GB107	Proto-Oceanic	1	0	131	31	0.2366412213740458	Absent	NA	NA
GB107	Proto-Polynesian	1	0	131	31	0.2366412213740458	Absent	NA	NA
GB108	Proto-Central Pacific	1	0	122	43	0.35245901639344257	Absent	NA	NA
GB108	Proto-Eastern Polynesian	1	0	122	43	0.35245901639344257	Absent	NA	NA
GB108	Proto-Oceanic	0.94	0.05999999999999997	122	43	0.35245901639344257	Absent	NA	NA
GB108	Proto-Polynesian	0.975	0.024999999999999988	122	43	0.35245901639344257	Absent	NA	NA
GB109	Proto-Central Pacific	1	0	99	11	0.11111111111111109	Absent	NA	NA
GB109	Proto-Eastern Polynesian	1	0	99	11	0.11111111111111109	Absent	NA	NA
GB109	Proto-Oceanic	1	0	99	11	0.11111111111111109	Absent	NA	NA
GB109	Proto-Polynesian	1	0	99	11	0.11111111111111109	Absent	NA	NA
GB110	Proto-Central Pacific	1	0	100	0	0	Absent	NA	NA
GB110	Proto-Eastern Polynesian	1	0	100	0	0	Absent	NA	NA
GB110	Proto-Oceanic	1	0	100	0	0	Absent	NA	NA
GB110	Proto-Polynesian	1	0	100	0	0	Absent	NA	NA
GB111	Proto-Central Pacific	1	0	119	11	0.09243697478991597	Absent	NA	NA
GB111	Proto-Eastern Polynesian	1	0	119	11	0.09243697478991597	Absent	NA	NA
GB111	Proto-Oceanic	1	0	119	11	0.09243697478991597	Absent	NA	NA
GB111	Proto-Polynesian	1	0	119	11	0.09243697478991597	Absent	NA	NA
GB113	Proto-Central Pacific	0	1	123	22	0.17886178861788618	Present	1	True Positive
GB113	Proto-Eastern Polynesian	0	1	123	22	0.17886178861788618	Present	NA	NA
GB113	Proto-Oceanic	0	1	123	22	0.17886178861788618	Present	1	True Positive
GB113	Proto-Polynesian	0	1	123	22	0.17886178861788618	Present	1	True Positive
GB114	Proto-Central Pacific	1	0	106	15	0.14150943396226418	Absent	NA	NA
GB114	Proto-Eastern Polynesian	1	0	106	15	0.14150943396226418	Absent	NA	NA
GB114	Proto-Oceanic	1	0	106	15	0.14150943396226418	Absent	NA	NA
GB114	Proto-Polynesian	1	0	106	15	0.14150943396226418	Absent	NA	NA
GB115	Proto-Central Pacific	0	1	112	41	0.3660714285714286	Present	1	True Positive
GB115	Proto-Eastern Polynesian	1	0	112	41	0.3660714285714286	Absent	NA	NA
GB115	Proto-Oceanic	0.05999999999999999	0.94	112	41	0.3660714285714286	Present	1	True Positive
GB115	Proto-Polynesian	0	1	112	41	0.3660714285714286	Present	1	True Positive
GB116	Proto-Central Pacific	1	0	106	1	0.009433962264150945	Absent	NA	NA
GB116	Proto-Eastern Polynesian	1	0	106	1	0.009433962264150945	Absent	NA	NA
GB116	Proto-Oceanic	1	0	106	1	0.009433962264150945	Absent	NA	NA
GB116	Proto-Polynesian	1	0	106	1	0.009433962264150945	Absent	NA	NA
GB117	Proto-Central Pacific	1	0	113	22	0.1946902654867257	Absent	NA	NA
GB117	Proto-Eastern Polynesian	1	0	113	22	0.1946902654867257	Absent	NA	NA
GB117	Proto-Oceanic	1	0	113	22	0.1946902654867257	Absent	0	True Negative
GB117	Proto-Polynesian	0.635	0.365	113	22	0.1946902654867257	Absent	NA	NA
GB118	Proto-Central Pacific	0.35	0.65	107	23	0.21495327102803738	Present	NA	NA
GB118	Proto-Eastern Polynesian	0.86	0.13999999999999999	107	23	0.21495327102803738	Absent	NA	NA
GB118	Proto-Oceanic	0	1	107	23	0.21495327102803738	Present	NA	NA
GB118	Proto-Polynesian	0	1	107	23	0.21495327102803738	Present	NA	NA
GB119	Proto-Central Pacific	1	0	119	26	0.2184873949579832	Absent	NA	NA
GB119	Proto-Eastern Polynesian	1	0	119	26	0.2184873949579832	Absent	NA	NA
GB119	Proto-Oceanic	1	0	119	26	0.2184873949579832	Absent	NA	NA
GB119	Proto-Polynesian	1	0	119	26	0.2184873949579832	Absent	NA	NA
GB120	Proto-Central Pacific	1	0	120	27	0.225	Absent	NA	NA
GB120	Proto-Eastern Polynesian	1	0	120	27	0.225	Absent	NA	NA
GB120	Proto-Oceanic	1	0	120	27	0.225	Absent	NA	NA
GB120	Proto-Polynesian	1	0	120	27	0.225	Absent	NA	NA
GB121	Proto-Central Pacific	1	0	121	16	0.1322314049586777	Absent	NA	NA
GB121	Proto-Eastern Polynesian	1	0	121	16	0.1322314049586777	Absent	NA	NA
GB121	Proto-Oceanic	1	0	121	16	0.1322314049586777	Absent	0	True Negative
GB121	Proto-Polynesian	1	0	121	16	0.1322314049586777	Absent	NA	NA
GB122	Proto-Central Pacific	0.3661190476190476	0.6338809523809524	84	36	0.4285714285714286	Present	NA	NA
GB122	Proto-Eastern Polynesian	0.6616430505768741	0.3383569494231259	84	36	0.4285714285714286	Absent	NA	NA
GB122	Proto-Oceanic	0.73	0.27	84	36	0.4285714285714286	Absent	NA	NA
GB122	Proto-Polynesian	0.3661190476190476	0.6338809523809524	84	36	0.4285714285714286	Present	NA	NA
GB123	Proto-Central Pacific	NA	NA	54	9	0.16666666666666669	Not enough languages	NA	NA
GB123	Proto-Eastern Polynesian	NA	NA	54	9	0.16666666666666669	Not enough languages	NA	NA
GB123	Proto-Oceanic	NA	NA	54	9	0.16666666666666669	Not enough languages	NA	NA
GB123	Proto-Polynesian	NA	NA	54	9	0.16666666666666669	Not enough languages	NA	NA
GB124	Proto-Central Pacific	0	1	83	41	0.4939759036144578	Present	NA	NA
GB124	Proto-Eastern Polynesian	0.0049999999999999975	0.995	83	41	0.4939759036144578	Present	NA	NA
GB124	Proto-Oceanic	0.91	0.09000000000000001	83	41	0.4939759036144578	Absent	NA	NA
GB124	Proto-Polynesian	0	1	83	41	0.4939759036144578	Present	NA	NA
GB126	Proto-Central Pacific	0	1	104	35	0.33653846153846156	Present	NA	NA
GB126	Proto-Eastern Polynesian	0	1	104	35	0.33653846153846156	Present	NA	NA
GB126	Proto-Oceanic	0.0049999999999999975	0.995	104	35	0.33653846153846156	Present	NA	NA
GB126	Proto-Polynesian	0	1	104	35	0.33653846153846156	Present	NA	NA
GB127	Proto-Central Pacific	1	0	82	5	0.06097560975609757	Absent	NA	NA
GB127	Proto-Eastern Polynesian	1	0	82	5	0.06097560975609757	Absent	NA	NA
GB127	Proto-Oceanic	1	0	82	5	0.06097560975609757	Absent	NA	NA
GB127	Proto-Polynesian	1	0	82	5	0.06097560975609757	Absent	NA	NA
GB129	Proto-Central Pacific	1	0	119	3	0.02521008403361345	Absent	NA	NA
GB129	Proto-Eastern Polynesian	1	0	119	3	0.02521008403361345	Absent	NA	NA
GB129	Proto-Oceanic	1	0	119	3	0.02521008403361345	Absent	NA	NA
GB129	Proto-Polynesian	1	0	119	3	0.02521008403361345	Absent	NA	NA
GB130a	Proto-Central Pacific	0.395	0.605	126	32	0.25396825396825395	Present	0	False Positive
GB130a	Proto-Eastern Polynesian	1	0	126	32	0.25396825396825395	Absent	NA	NA
GB130a	Proto-Oceanic	0	1	126	32	0.25396825396825395	Present	NA	NA
GB130a	Proto-Polynesian	0.7175	0.2825	126	32	0.25396825396825395	Absent	0	True Negative
GB130b	Proto-Central Pacific	0.5966666666666667	0.4033333333333333	126	38	0.30158730158730157	Half	1	Half
GB130b	Proto-Eastern Polynesian	0	1	126	38	0.30158730158730157	Present	NA	NA
GB130b	Proto-Oceanic	1	0	126	38	0.30158730158730157	Absent	NA	NA
GB130b	Proto-Polynesian	0.2798333333333333	0.7201666666666666	126	38	0.30158730158730157	Present	1	True Positive
GB131	Proto-Central Pacific	1	0	128	34	0.265625	Absent	1	False Negative
GB131	Proto-Eastern Polynesian	0	1	128	34	0.265625	Present	NA	NA
GB131	Proto-Oceanic	1	0	128	34	0.265625	Absent	1	False Negative
GB131	Proto-Polynesian	0.9099999999999999	0.09	128	34	0.265625	Absent	1	False Negative
GB132	Proto-Central Pacific	0	1	127	43	0.33858267716535434	Present	0	False Positive
GB132	Proto-Eastern Polynesian	1	0	127	43	0.33858267716535434	Absent	NA	NA
GB132	Proto-Oceanic	0.15	0.85	127	43	0.33858267716535434	Present	1	True Positive
GB132	Proto-Polynesian	0.05499999999999999	0.945	127	43	0.33858267716535434	Present	0	False Positive
GB133	Proto-Central Pacific	1	0	130	13	0.1	Absent	0	True Negative
GB133	Proto-Eastern Polynesian	1	0	130	13	0.1	Absent	NA	NA
GB133	Proto-Oceanic	0.85	0.15	130	13	0.1	Absent	1	False Negative
GB133	Proto-Polynesian	1	0	130	13	0.1	Absent	0	True Negative
GB134	Proto-Central Pacific	0	1	109	3	0.02752293577981652	Present	NA	NA
GB134	Proto-Eastern Polynesian	0	1	109	3	0.02752293577981652	Present	NA	NA
GB134	Proto-Oceanic	0	1	109	3	0.02752293577981652	Present	NA	NA
GB134	Proto-Polynesian	0	1	109	3	0.02752293577981652	Present	NA	NA
GB135	Proto-Central Pacific	0	1	96	4	0.041666666666666664	Present	NA	NA
GB135	Proto-Eastern Polynesian	0	1	96	4	0.041666666666666664	Present	NA	NA
GB135	Proto-Oceanic	0	1	96	4	0.041666666666666664	Present	NA	NA
GB135	Proto-Polynesian	0	1	96	4	0.041666666666666664	Present	NA	NA
GB136	Proto-Central Pacific	0.23333333333333334	0.7666666666666667	117	34	0.2905982905982906	Present	NA	NA
GB136	Proto-Eastern Polynesian	0.1455987404408457	0.8544012595591542	117	34	0.2905982905982906	Present	NA	NA
GB136	Proto-Oceanic	0	1	117	34	0.2905982905982906	Present	NA	NA
GB136	Proto-Polynesian	0.325	0.6749999999999999	117	34	0.2905982905982906	Present	NA	NA
GB137	Proto-Central Pacific	1	0	126	26	0.20634920634920634	Absent	NA	NA
GB137	Proto-Eastern Polynesian	1	0	126	26	0.20634920634920634	Absent	NA	NA
GB137	Proto-Oceanic	0.97	0.02999999999999998	126	26	0.20634920634920634	Absent	NA	NA
GB137	Proto-Polynesian	1	0	126	26	0.20634920634920634	Absent	NA	NA
GB138	Proto-Central Pacific	1	0	127	47	0.37007874015748027	Absent	NA	NA
GB138	Proto-Eastern Polynesian	0.12164285714285715	0.8783571428571428	127	47	0.37007874015748027	Present	NA	NA
GB138	Proto-Oceanic	1	0	127	47	0.37007874015748027	Absent	NA	NA
GB138	Proto-Polynesian	0.98	0.019999999999999993	127	47	0.37007874015748027	Absent	NA	NA
GB139	Proto-Central Pacific	0	1	113	26	0.23008849557522126	Present	NA	NA
GB139	Proto-Eastern Polynesian	0	1	113	26	0.23008849557522126	Present	NA	NA
GB139	Proto-Oceanic	0	1	113	26	0.23008849557522126	Present	NA	NA
GB139	Proto-Polynesian	0	1	113	26	0.23008849557522126	Present	1	True Positive
GB140	Proto-Central Pacific	0.03499999999999998	0.965	86	41	0.4767441860465117	Present	NA	NA
GB140	Proto-Eastern Polynesian	0.27614935064935064	0.7238506493506494	86	41	0.4767441860465117	Present	0	False Positive
GB140	Proto-Oceanic	0	1	86	41	0.4767441860465117	Present	0	False Positive
GB140	Proto-Polynesian	0.8383333333333334	0.16166666666666668	86	41	0.4767441860465117	Absent	NA	NA
GB146	Proto-Central Pacific	1	0	69	20	0.28985507246376807	Absent	NA	NA
GB146	Proto-Eastern Polynesian	1	0	69	20	0.28985507246376807	Absent	NA	NA
GB146	Proto-Oceanic	0.815	0.185	69	20	0.28985507246376807	Absent	NA	NA
GB146	Proto-Polynesian	1	0	69	20	0.28985507246376807	Absent	NA	NA
GB147	Proto-Central Pacific	0.7183333333333334	0.2816666666666666	110	34	0.3090909090909091	Absent	NA	NA
GB147	Proto-Eastern Polynesian	0.26083333333333336	0.7391666666666666	110	34	0.3090909090909091	Present	1	True Positive
GB147	Proto-Oceanic	0.995	0.0049999999999999975	110	34	0.3090909090909091	Absent	0	True Negative
GB147	Proto-Polynesian	1	0	110	34	0.3090909090909091	Absent	1	False Negative
GB148	Proto-Central Pacific	1	0	94	15	0.1595744680851064	Absent	NA	NA
GB148	Proto-Eastern Polynesian	1	0	94	15	0.1595744680851064	Absent	NA	NA
GB148	Proto-Oceanic	1	0	94	15	0.1595744680851064	Absent	NA	NA
GB148	Proto-Polynesian	1	0	94	15	0.1595744680851064	Absent	NA	NA
GB149	Proto-Central Pacific	1	0	114	0	0	Absent	NA	NA
GB149	Proto-Eastern Polynesian	1	0	114	0	0	Absent	NA	NA
GB149	Proto-Oceanic	1	0	114	0	0	Absent	NA	NA
GB149	Proto-Polynesian	1	0	114	0	0	Absent	NA	NA
GB150	Proto-Central Pacific	1	0	89	12	0.1348314606741573	Absent	NA	NA
GB150	Proto-Eastern Polynesian	1	0	89	12	0.1348314606741573	Absent	NA	NA
GB150	Proto-Oceanic	1	0	89	12	0.1348314606741573	Absent	NA	NA
GB150	Proto-Polynesian	1	0	89	12	0.1348314606741573	Absent	NA	NA
GB151	Proto-Central Pacific	1	0	113	7	0.06194690265486726	Absent	NA	NA
GB151	Proto-Eastern Polynesian	1	0	113	7	0.06194690265486726	Absent	NA	NA
GB151	Proto-Oceanic	1	0	113	7	0.06194690265486726	Absent	NA	NA
GB151	Proto-Polynesian	1	0	113	7	0.06194690265486726	Absent	NA	NA
GB152	Proto-Central Pacific	1	0	103	17	0.1650485436893204	Absent	NA	NA
GB152	Proto-Eastern Polynesian	1	0	103	17	0.1650485436893204	Absent	NA	NA
GB152	Proto-Oceanic	1	0	103	17	0.1650485436893204	Absent	NA	NA
GB152	Proto-Polynesian	1	0	103	17	0.1650485436893204	Absent	NA	NA
GB155	Proto-Central Pacific	0	1	125	26	0.20800000000000002	Present	1	True Positive
GB155	Proto-Eastern Polynesian	0	1	125	26	0.20800000000000002	Present	NA	NA
GB155	Proto-Oceanic	0	1	125	26	0.20800000000000002	Present	1	True Positive
GB155	Proto-Polynesian	0	1	125	26	0.20800000000000002	Present	NA	NA
GB156	Proto-Central Pacific	1	0	106	3	0.02830188679245283	Absent	NA	NA
GB156	Proto-Eastern Polynesian	1	0	106	3	0.02830188679245283	Absent	NA	NA
GB156	Proto-Oceanic	1	0	106	3	0.02830188679245283	Absent	NA	NA
GB156	Proto-Polynesian	1	0	106	3	0.02830188679245283	Absent	NA	NA
GB158	Proto-Central Pacific	0	1	126	12	0.09523809523809525	Present	NA	NA
GB158	Proto-Eastern Polynesian	0	1	126	12	0.09523809523809525	Present	NA	NA
GB158	Proto-Oceanic	0	1	126	12	0.09523809523809525	Present	1	True Positive
GB158	Proto-Polynesian	0	1	126	12	0.09523809523809525	Present	NA	NA
GB159	Proto-Central Pacific	0.019999999999999997	0.98	100	36	0.36	Present	NA	NA
GB159	Proto-Eastern Polynesian	0	1	100	36	0.36	Present	NA	NA
GB159	Proto-Oceanic	0.10500000000000001	0.895	100	36	0.36	Present	1	True Positive
GB159	Proto-Polynesian	0	1	100	36	0.36	Present	NA	NA
GB160	Proto-Central Pacific	0.014999999999999994	0.985	86	40	0.4651162790697675	Present	NA	NA
GB160	Proto-Eastern Polynesian	1	0	86	40	0.4651162790697675	Absent	NA	NA
GB160	Proto-Oceanic	0	1	86	40	0.4651162790697675	Present	NA	NA
GB160	Proto-Polynesian	0.955	0.045	86	40	0.4651162790697675	Absent	NA	NA
GB165	Proto-Central Pacific	1	0	121	2	0.01652892561983471	Absent	NA	NA
GB165	Proto-Eastern Polynesian	1	0	121	2	0.01652892561983471	Absent	NA	NA
GB165	Proto-Oceanic	1	0	121	2	0.01652892561983471	Absent	NA	NA
GB165	Proto-Polynesian	1	0	121	2	0.01652892561983471	Absent	NA	NA
GB166	Proto-Central Pacific	1	0	122	3	0.024590163934426233	Absent	NA	NA
GB166	Proto-Eastern Polynesian	1	0	122	3	0.024590163934426233	Absent	NA	NA
GB166	Proto-Oceanic	1	0	122	3	0.024590163934426233	Absent	NA	NA
GB166	Proto-Polynesian	1	0	122	3	0.024590163934426233	Absent	NA	NA
GB167	Proto-Central Pacific	1	0	95	0	0	Absent	NA	NA
GB167	Proto-Eastern Polynesian	1	0	95	0	0	Absent	NA	NA
GB167	Proto-Oceanic	1	0	95	0	0	Absent	NA	NA
GB167	Proto-Polynesian	1	0	95	0	0	Absent	NA	NA
GB170	Proto-Central Pacific	1	0	120	2	0.016666666666666666	Absent	NA	NA
GB170	Proto-Eastern Polynesian	1	0	120	2	0.016666666666666666	Absent	NA	NA
GB170	Proto-Oceanic	1	0	120	2	0.016666666666666666	Absent	0	True Negative
GB170	Proto-Polynesian	1	0	120	2	0.016666666666666666	Absent	NA	NA
GB171	Proto-Central Pacific	1	0	119	3	0.02521008403361345	Absent	NA	NA
GB171	Proto-Eastern Polynesian	1	0	119	3	0.02521008403361345	Absent	NA	NA
GB171	Proto-Oceanic	1	0	119	3	0.02521008403361345	Absent	0	True Negative
GB171	Proto-Polynesian	1	0	119	3	0.02521008403361345	Absent	NA	NA
GB172	Proto-Central Pacific	1	0	124	10	0.08064516129032259	Absent	NA	NA
GB172	Proto-Eastern Polynesian	1	0	124	10	0.08064516129032259	Absent	NA	NA
GB172	Proto-Oceanic	1	0	124	10	0.08064516129032259	Absent	0	True Negative
GB172	Proto-Polynesian	1	0	124	10	0.08064516129032259	Absent	NA	NA
GB177	Proto-Central Pacific	1	0	104	10	0.09615384615384617	Absent	NA	NA
GB177	Proto-Eastern Polynesian	1	0	104	10	0.09615384615384617	Absent	NA	NA
GB177	Proto-Oceanic	1	0	104	10	0.09615384615384617	Absent	NA	NA
GB177	Proto-Polynesian	1	0	104	10	0.09615384615384617	Absent	NA	NA
GB184	Proto-Central Pacific	1	0	111	30	0.2702702702702703	Absent	NA	NA
GB184	Proto-Eastern Polynesian	1	0	111	30	0.2702702702702703	Absent	NA	NA
GB184	Proto-Oceanic	0.98	0.019999999999999993	111	30	0.2702702702702703	Absent	NA	NA
GB184	Proto-Polynesian	0.625	0.375	111	30	0.2702702702702703	Absent	NA	NA
GB185	Proto-Central Pacific	0.7516666666666667	0.24833333333333335	114	45	0.3947368421052632	Absent	NA	NA
GB185	Proto-Eastern Polynesian	1	0	114	45	0.3947368421052632	Absent	NA	NA
GB185	Proto-Oceanic	0.93	0.06999999999999999	114	45	0.3947368421052632	Absent	NA	NA
GB185	Proto-Polynesian	0.5889047619047619	0.41109523809523807	114	45	0.3947368421052632	Half	NA	NA
GB186	Proto-Central Pacific	1	0	118	44	0.3728813559322034	Absent	NA	NA
GB186	Proto-Eastern Polynesian	1	0	118	44	0.3728813559322034	Absent	NA	NA
GB186	Proto-Oceanic	1	0	118	44	0.3728813559322034	Absent	NA	NA
GB186	Proto-Polynesian	0.045	0.955	118	44	0.3728813559322034	Present	NA	NA
GB187	Proto-Central Pacific	1	0	70	9	0.12857142857142856	Absent	NA	NA
GB187	Proto-Eastern Polynesian	1	0	70	9	0.12857142857142856	Absent	NA	NA
GB187	Proto-Oceanic	1	0	70	9	0.12857142857142856	Absent	NA	NA
GB187	Proto-Polynesian	1	0	70	9	0.12857142857142856	Absent	NA	NA
GB188	Proto-Central Pacific	1	0	72	4	0.05555555555555555	Absent	NA	NA
GB188	Proto-Eastern Polynesian	1	0	72	4	0.05555555555555555	Absent	NA	NA
GB188	Proto-Oceanic	1	0	72	4	0.05555555555555555	Absent	NA	NA
GB188	Proto-Polynesian	1	0	72	4	0.05555555555555555	Absent	NA	NA
GB192	Proto-Central Pacific	1	0	123	1	0.008130081300813009	Absent	NA	NA
GB192	Proto-Eastern Polynesian	1	0	123	1	0.008130081300813009	Absent	NA	NA
GB192	Proto-Oceanic	1	0	123	1	0.008130081300813009	Absent	0	True Negative
GB192	Proto-Polynesian	1	0	123	1	0.008130081300813009	Absent	NA	NA
GB193a	Proto-Central Pacific	1	0	126	26	0.20634920634920634	Absent	NA	NA
GB193a	Proto-Eastern Polynesian	1	0	126	26	0.20634920634920634	Absent	NA	NA
GB193a	Proto-Oceanic	1	0	126	26	0.20634920634920634	Absent	0	True Negative
GB193a	Proto-Polynesian	1	0	126	26	0.20634920634920634	Absent	0	True Negative
GB193b	Proto-Central Pacific	0	1	126	7	0.05555555555555555	Present	NA	NA
GB193b	Proto-Eastern Polynesian	0	1	126	7	0.05555555555555555	Present	NA	NA
GB193b	Proto-Oceanic	0	1	126	7	0.05555555555555555	Present	1	True Positive
GB193b	Proto-Polynesian	0	1	126	7	0.05555555555555555	Present	1	True Positive
GB196	Proto-Central Pacific	1	0	127	0	0	Absent	NA	NA
GB196	Proto-Eastern Polynesian	1	0	127	0	0	Absent	NA	NA
GB196	Proto-Oceanic	1	0	127	0	0	Absent	NA	NA
GB196	Proto-Polynesian	1	0	127	0	0	Absent	NA	NA
GB197	Proto-Central Pacific	1	0	127	0	0	Absent	NA	NA
GB197	Proto-Eastern Polynesian	1	0	127	0	0	Absent	NA	NA
GB197	Proto-Oceanic	1	0	127	0	0	Absent	NA	NA
GB197	Proto-Polynesian	1	0	127	0	0	Absent	NA	NA
GB198	Proto-Central Pacific	1	0	120	5	0.041666666666666664	Absent	NA	NA
GB198	Proto-Eastern Polynesian	1	0	120	5	0.041666666666666664	Absent	NA	NA
GB198	Proto-Oceanic	1	0	120	5	0.041666666666666664	Absent	0	True Negative
GB198	Proto-Polynesian	1	0	120	5	0.041666666666666664	Absent	NA	NA
GB203a	Proto-Central Pacific	0.935	0.06500000000000002	99	36	0.3636363636363637	Absent	NA	NA
GB203a	Proto-Eastern Polynesian	0.755	0.245	99	36	0.3636363636363637	Absent	NA	NA
GB203a	Proto-Oceanic	0.985	0.014999999999999993	99	36	0.3636363636363637	Absent	NA	NA
GB203a	Proto-Polynesian	1	0	99	36	0.3636363636363637	Absent	NA	NA
GB203b	Proto-Central Pacific	0	1	99	25	0.2525252525252526	Present	NA	NA
GB203b	Proto-Eastern Polynesian	0	1	99	25	0.2525252525252526	Present	NA	NA
GB203b	Proto-Oceanic	0	1	99	25	0.2525252525252526	Present	NA	NA
GB203b	Proto-Polynesian	0	1	99	25	0.2525252525252526	Present	NA	NA
GB204	Proto-Central Pacific	0.007833333333333336	0.9921666666666666	75	35	0.4666666666666667	Present	NA	NA
GB204	Proto-Eastern Polynesian	0.9925	0.007499999999999995	75	35	0.4666666666666667	Absent	NA	NA
GB204	Proto-Oceanic	0.6599999999999999	0.34	75	35	0.4666666666666667	Absent	NA	NA
GB204	Proto-Polynesian	0.98	0.019999999999999993	75	35	0.4666666666666667	Absent	NA	NA
GB250	Proto-Central Pacific	0.9975	0.0024999999999999988	74	27	0.3648648648648649	Absent	NA	NA
GB250	Proto-Eastern Polynesian	1	0	74	27	0.3648648648648649	Absent	NA	NA
GB250	Proto-Oceanic	0.575	0.425	74	27	0.3648648648648649	Half	NA	NA
GB250	Proto-Polynesian	1	0	74	27	0.3648648648648649	Absent	NA	NA
GB252	Proto-Central Pacific	NA	NA	56	9	0.16071428571428573	Not enough languages	NA	NA
GB252	Proto-Eastern Polynesian	NA	NA	56	9	0.16071428571428573	Not enough languages	NA	NA
GB252	Proto-Oceanic	NA	NA	56	9	0.16071428571428573	Not enough languages	NA	NA
GB252	Proto-Polynesian	NA	NA	56	9	0.16071428571428573	Not enough languages	NA	NA
GB253	Proto-Central Pacific	NA	NA	59	12	0.2033898305084746	Not enough languages	NA	NA
GB253	Proto-Eastern Polynesian	NA	NA	59	12	0.2033898305084746	Not enough languages	NA	NA
GB253	Proto-Oceanic	NA	NA	59	12	0.2033898305084746	Not enough languages	NA	NA
GB253	Proto-Polynesian	NA	NA	59	12	0.2033898305084746	Not enough languages	NA	NA
GB254	Proto-Central Pacific	0	1	71	21	0.29577464788732394	Present	NA	NA
GB254	Proto-Eastern Polynesian	0	1	71	21	0.29577464788732394	Present	NA	NA
GB254	Proto-Oceanic	0	1	71	21	0.29577464788732394	Present	NA	NA
GB254	Proto-Polynesian	0	1	71	21	0.29577464788732394	Present	NA	NA
GB256	Proto-Central Pacific	NA	NA	58	9	0.15517241379310345	Not enough languages	NA	NA
GB256	Proto-Eastern Polynesian	NA	NA	58	9	0.15517241379310345	Not enough languages	NA	NA
GB256	Proto-Oceanic	NA	NA	58	9	0.15517241379310345	Not enough languages	NA	NA
GB256	Proto-Polynesian	NA	NA	58	9	0.15517241379310345	Not enough languages	NA	NA
GB257	Proto-Central Pacific	0	1	97	8	0.08247422680412371	Present	NA	NA
GB257	Proto-Eastern Polynesian	0	1	97	8	0.08247422680412371	Present	NA	NA
GB257	Proto-Oceanic	0	1	97	8	0.08247422680412371	Present	NA	NA
GB257	Proto-Polynesian	0	1	97	8	0.08247422680412371	Present	NA	NA
GB260	Proto-Central Pacific	1	0	98	0	0	Absent	NA	NA
GB260	Proto-Eastern Polynesian	1	0	98	0	0	Absent	NA	NA
GB260	Proto-Oceanic	1	0	98	0	0	Absent	0	True Negative
GB260	Proto-Polynesian	1	0	98	0	0	Absent	NA	NA
GB262	Proto-Central Pacific	1	0	98	9	0.09183673469387757	Absent	NA	NA
GB262	Proto-Eastern Polynesian	1	0	98	9	0.09183673469387757	Absent	NA	NA
GB262	Proto-Oceanic	1	0	98	9	0.09183673469387757	Absent	0	True Negative
GB262	Proto-Polynesian	1	0	98	9	0.09183673469387757	Absent	NA	NA
GB263	Proto-Central Pacific	1	0	100	30	0.30000000000000004	Absent	NA	NA
GB263	Proto-Eastern Polynesian	1	0	100	30	0.30000000000000004	Absent	NA	NA
GB263	Proto-Oceanic	1	0	100	30	0.30000000000000004	Absent	NA	NA
GB263	Proto-Polynesian	1	0	100	30	0.30000000000000004	Absent	NA	NA
GB264	Proto-Central Pacific	1	0	97	7	0.07216494845360824	Absent	NA	NA
GB264	Proto-Eastern Polynesian	1	0	97	7	0.07216494845360824	Absent	NA	NA
GB264	Proto-Oceanic	1	0	97	7	0.07216494845360824	Absent	0	True Negative
GB264	Proto-Polynesian	1	0	97	7	0.07216494845360824	Absent	NA	NA
GB265	Proto-Central Pacific	0.9516666666666667	0.04833333333333333	73	36	0.49315068493150677	Absent	NA	NA
GB265	Proto-Eastern Polynesian	0.6914404761904762	0.30855952380952384	73	36	0.49315068493150677	Absent	NA	NA
GB265	Proto-Oceanic	1	0	73	36	0.49315068493150677	Absent	NA	NA
GB265	Proto-Polynesian	0.7741666666666667	0.22583333333333336	73	36	0.49315068493150677	Absent	NA	NA
GB266	Proto-Central Pacific	0	1	74	32	0.4324324324324325	Present	NA	NA
GB266	Proto-Eastern Polynesian	0	1	74	32	0.4324324324324325	Present	NA	NA
GB266	Proto-Oceanic	0.37	0.63	74	32	0.4324324324324325	Present	NA	NA
GB266	Proto-Polynesian	0	1	74	32	0.4324324324324325	Present	NA	NA
GB270	Proto-Central Pacific	NA	NA	62	23	0.3709677419354839	Not enough languages	NA	NA
GB270	Proto-Eastern Polynesian	NA	NA	62	23	0.3709677419354839	Not enough languages	NA	NA
GB270	Proto-Oceanic	NA	NA	62	23	0.3709677419354839	Not enough languages	NA	NA
GB270	Proto-Polynesian	NA	NA	62	23	0.3709677419354839	Not enough languages	NA	NA
GB273	Proto-Central Pacific	NA	NA	61	17	0.2786885245901639	Not enough languages	NA	NA
GB273	Proto-Eastern Polynesian	NA	NA	61	17	0.2786885245901639	Not enough languages	NA	NA
GB273	Proto-Oceanic	NA	NA	61	17	0.2786885245901639	Not enough languages	NA	NA
GB273	Proto-Polynesian	NA	NA	61	17	0.2786885245901639	Not enough languages	NA	NA
GB275	Proto-Central Pacific	1	0	84	11	0.13095238095238096	Absent	NA	NA
GB275	Proto-Eastern Polynesian	1	0	84	11	0.13095238095238096	Absent	NA	NA
GB275	Proto-Oceanic	1	0	84	11	0.13095238095238096	Absent	NA	NA
GB275	Proto-Polynesian	1	0	84	11	0.13095238095238096	Absent	NA	NA
GB276	Proto-Central Pacific	0	1	79	38	0.4810126582278481	Present	NA	NA
GB276	Proto-Eastern Polynesian	0.2016666666666667	0.7983333333333333	79	38	0.4810126582278481	Present	NA	NA
GB276	Proto-Oceanic	0.415	0.585	79	38	0.4810126582278481	Half	NA	NA
GB276	Proto-Polynesian	0	1	79	38	0.4810126582278481	Present	NA	NA
GB285	Proto-Central Pacific	1	0	100	1	0.01	Absent	NA	NA
GB285	Proto-Eastern Polynesian	1	0	100	1	0.01	Absent	NA	NA
GB285	Proto-Oceanic	1	0	100	1	0.01	Absent	0	True Negative
GB285	Proto-Polynesian	1	0	100	1	0.01	Absent	NA	NA
GB286	Proto-Central Pacific	1	0	99	4	0.040404040404040414	Absent	NA	NA
GB286	Proto-Eastern Polynesian	1	0	99	4	0.040404040404040414	Absent	NA	NA
GB286	Proto-Oceanic	1	0	99	4	0.040404040404040414	Absent	0	True Negative
GB286	Proto-Polynesian	1	0	99	4	0.040404040404040414	Absent	NA	NA
GB291	Proto-Central Pacific	1	0	106	7	0.0660377358490566	Absent	NA	NA
GB291	Proto-Eastern Polynesian	0.6950000000000001	0.305	106	7	0.0660377358490566	Absent	NA	NA
GB291	Proto-Oceanic	1	0	106	7	0.0660377358490566	Absent	0	True Negative
GB291	Proto-Polynesian	1	0	106	7	0.0660377358490566	Absent	NA	NA
GB296	Proto-Central Pacific	NA	NA	34	1	0.029411764705882353	Not enough languages	NA	NA
GB296	Proto-Eastern Polynesian	NA	NA	34	1	0.029411764705882353	Not enough languages	NA	NA
GB296	Proto-Oceanic	NA	NA	34	1	0.029411764705882353	Not enough languages	NA	NA
GB296	Proto-Polynesian	NA	NA	34	1	0.029411764705882353	Not enough languages	NA	NA
GB297	Proto-Central Pacific	1	0	90	2	0.022222222222222227	Absent	NA	NA
GB297	Proto-Eastern Polynesian	1	0	90	2	0.022222222222222227	Absent	NA	NA
GB297	Proto-Oceanic	1	0	90	2	0.022222222222222227	Absent	0	True Negative
GB297	Proto-Polynesian	1	0	90	2	0.022222222222222227	Absent	NA	NA
GB298	Proto-Central Pacific	1	0	123	16	0.13008130081300814	Absent	NA	NA
GB298	Proto-Eastern Polynesian	1	0	123	16	0.13008130081300814	Absent	NA	NA
GB298	Proto-Oceanic	0.975	0.024999999999999994	123	16	0.13008130081300814	Absent	NA	NA
GB298	Proto-Polynesian	1	0	123	16	0.13008130081300814	Absent	NA	NA
GB299	Proto-Central Pacific	0	1	124	27	0.21774193548387097	Present	NA	NA
GB299	Proto-Eastern Polynesian	0	1	124	27	0.21774193548387097	Present	NA	NA
GB299	Proto-Oceanic	0.024999999999999994	0.975	124	27	0.21774193548387097	Present	1	True Positive
GB299	Proto-Polynesian	0	1	124	27	0.21774193548387097	Present	1	True Positive
GB300	Proto-Central Pacific	1	0	84	4	0.047619047619047616	Absent	NA	NA
GB300	Proto-Eastern Polynesian	1	0	84	4	0.047619047619047616	Absent	NA	NA
GB300	Proto-Oceanic	1	0	84	4	0.047619047619047616	Absent	NA	NA
GB300	Proto-Polynesian	0.945	0.05499999999999999	84	4	0.047619047619047616	Absent	NA	NA
GB301	Proto-Central Pacific	0.6155	0.38449999999999995	70	26	0.37142857142857144	Absent	NA	NA
GB301	Proto-Eastern Polynesian	0	1	70	26	0.37142857142857144	Present	NA	NA
GB301	Proto-Oceanic	0.06999999999999998	0.93	70	26	0.37142857142857144	Present	NA	NA
GB301	Proto-Polynesian	0.39544444444444443	0.6045555555555555	70	26	0.37142857142857144	Present	NA	NA
GB302	Proto-Central Pacific	1	0	106	4	0.03773584905660377	Absent	NA	NA
GB302	Proto-Eastern Polynesian	1	0	106	4	0.03773584905660377	Absent	NA	NA
GB302	Proto-Oceanic	1	0	106	4	0.03773584905660377	Absent	NA	NA
GB302	Proto-Polynesian	1	0	106	4	0.03773584905660377	Absent	NA	NA
GB303	Proto-Central Pacific	1	0	80	1	0.0125	Absent	NA	NA
GB303	Proto-Eastern Polynesian	1	0	80	1	0.0125	Absent	NA	NA
GB303	Proto-Oceanic	1	0	80	1	0.0125	Absent	NA	NA
GB303	Proto-Polynesian	1	0	80	1	0.0125	Absent	NA	NA
GB304	Proto-Central Pacific	0.6633333333333333	0.33666666666666667	90	20	0.22222222222222218	Absent	NA	NA
GB304	Proto-Eastern Polynesian	0	1	90	20	0.22222222222222218	Present	NA	NA
GB304	Proto-Oceanic	0.995	0.0049999999999999975	90	20	0.22222222222222218	Absent	NA	NA
GB304	Proto-Polynesian	1	0	90	20	0.22222222222222218	Absent	NA	NA
GB305	Proto-Central Pacific	1	0	97	38	0.39175257731958757	Absent	NA	NA
GB305	Proto-Eastern Polynesian	0.8	0.2	97	38	0.39175257731958757	Absent	NA	NA
GB305	Proto-Oceanic	0.915	0.08500000000000003	97	38	0.39175257731958757	Absent	NA	NA
GB305	Proto-Polynesian	1	0	97	38	0.39175257731958757	Absent	NA	NA
GB306	Proto-Central Pacific	1	0	95	18	0.18947368421052632	Absent	NA	NA
GB306	Proto-Eastern Polynesian	1	0	95	18	0.18947368421052632	Absent	NA	NA
GB306	Proto-Oceanic	1	0	95	18	0.18947368421052632	Absent	NA	NA
GB306	Proto-Polynesian	1	0	95	18	0.18947368421052632	Absent	NA	NA
GB309	Proto-Central Pacific	1	0	122	23	0.18852459016393439	Absent	NA	NA
GB309	Proto-Eastern Polynesian	1	0	122	23	0.18852459016393439	Absent	NA	NA
GB309	Proto-Oceanic	1	0	122	23	0.18852459016393439	Absent	NA	NA
GB309	Proto-Polynesian	1	0	122	23	0.18852459016393439	Absent	NA	NA
GB312	Proto-Central Pacific	0.8836666666666667	0.1163333333333333	117	35	0.29914529914529914	Absent	NA	NA
GB312	Proto-Eastern Polynesian	1	0	117	35	0.29914529914529914	Absent	NA	NA
GB312	Proto-Oceanic	0.34	0.6599999999999999	117	35	0.29914529914529914	Present	1	True Positive
GB312	Proto-Polynesian	1	0	117	35	0.29914529914529914	Absent	NA	NA
GB313	Proto-Central Pacific	1	0	117	51	0.4358974358974359	Absent	NA	NA
GB313	Proto-Eastern Polynesian	0.9718333333333333	0.028166666666666656	117	51	0.4358974358974359	Absent	NA	NA
GB313	Proto-Oceanic	1	0	117	51	0.4358974358974359	Absent	NA	NA
GB313	Proto-Polynesian	1	0	117	51	0.4358974358974359	Absent	NA	NA
GB314	Proto-Central Pacific	1	0	113	1	0.008849557522123895	Absent	NA	NA
GB314	Proto-Eastern Polynesian	1	0	113	1	0.008849557522123895	Absent	NA	NA
GB314	Proto-Oceanic	1	0	113	1	0.008849557522123895	Absent	NA	NA
GB314	Proto-Polynesian	1	0	113	1	0.008849557522123895	Absent	NA	NA
GB315	Proto-Central Pacific	1	0	112	0	0	Absent	NA	NA
GB315	Proto-Eastern Polynesian	1	0	112	0	0	Absent	NA	NA
GB315	Proto-Oceanic	1	0	112	0	0	Absent	NA	NA
GB315	Proto-Polynesian	1	0	112	0	0	Absent	NA	NA
GB316	Proto-Central Pacific	1	0	118	27	0.2288135593220339	Absent	NA	NA
GB316	Proto-Eastern Polynesian	1	0	118	27	0.2288135593220339	Absent	NA	NA
GB316	Proto-Oceanic	1	0	118	27	0.2288135593220339	Absent	NA	NA
GB316	Proto-Polynesian	0.49	0.51	118	27	0.2288135593220339	Half	NA	NA
GB317	Proto-Central Pacific	1	0	116	21	0.1810344827586207	Absent	NA	NA
GB317	Proto-Eastern Polynesian	1	0	116	21	0.1810344827586207	Absent	NA	NA
GB317	Proto-Oceanic	1	0	116	21	0.1810344827586207	Absent	NA	NA
GB317	Proto-Polynesian	1	0	116	21	0.1810344827586207	Absent	NA	NA
GB318	Proto-Central Pacific	1	0	118	56	0.4745762711864407	Absent	NA	NA
GB318	Proto-Eastern Polynesian	0	1	118	56	0.4745762711864407	Present	NA	NA
GB318	Proto-Oceanic	1	0	118	56	0.4745762711864407	Absent	NA	NA
GB318	Proto-Polynesian	0.13	0.87	118	56	0.4745762711864407	Present	1	True Positive
GB319	Proto-Central Pacific	1	0	122	4	0.03278688524590164	Absent	NA	NA
GB319	Proto-Eastern Polynesian	1	0	122	4	0.03278688524590164	Absent	NA	NA
GB319	Proto-Oceanic	1	0	122	4	0.03278688524590164	Absent	NA	NA
GB319	Proto-Polynesian	1	0	122	4	0.03278688524590164	Absent	NA	NA
GB320	Proto-Central Pacific	1	0	119	11	0.09243697478991597	Absent	NA	NA
GB320	Proto-Eastern Polynesian	1	0	119	11	0.09243697478991597	Absent	NA	NA
GB320	Proto-Oceanic	1	0	119	11	0.09243697478991597	Absent	NA	NA
GB320	Proto-Polynesian	1	0	119	11	0.09243697478991597	Absent	NA	NA
GB321	Proto-Central Pacific	1	0	116	2	0.01724137931034483	Absent	NA	NA
GB321	Proto-Eastern Polynesian	1	0	116	2	0.01724137931034483	Absent	NA	NA
GB321	Proto-Oceanic	1	0	116	2	0.01724137931034483	Absent	NA	NA
GB321	Proto-Polynesian	1	0	116	2	0.01724137931034483	Absent	NA	NA
GB322	Proto-Central Pacific	NA	NA	55	5	0.09090909090909093	Not enough languages	NA	NA
GB322	Proto-Eastern Polynesian	NA	NA	55	5	0.09090909090909093	Not enough languages	NA	NA
GB322	Proto-Oceanic	NA	NA	55	5	0.09090909090909093	Not enough languages	NA	NA
GB322	Proto-Polynesian	NA	NA	55	5	0.09090909090909093	Not enough languages	NA	NA
GB323	Proto-Central Pacific	NA	NA	53	1	0.01886792452830189	Not enough languages	NA	NA
GB323	Proto-Eastern Polynesian	NA	NA	53	1	0.01886792452830189	Not enough languages	NA	NA
GB323	Proto-Oceanic	NA	NA	53	1	0.01886792452830189	Not enough languages	NA	NA
GB323	Proto-Polynesian	NA	NA	53	1	0.01886792452830189	Not enough languages	NA	NA
GB324	Proto-Central Pacific	0.785	0.21500000000000002	109	39	0.3577981651376147	Absent	NA	NA
GB324	Proto-Eastern Polynesian	0.99	0.009999999999999993	109	39	0.3577981651376147	Absent	NA	NA
GB324	Proto-Oceanic	1	0	109	39	0.3577981651376147	Absent	NA	NA
GB324	Proto-Polynesian	0.996	0.0039999999999999975	109	39	0.3577981651376147	Absent	NA	NA
GB325	Proto-Central Pacific	1	0	92	4	0.043478260869565216	Absent	NA	NA
GB325	Proto-Eastern Polynesian	1	0	92	4	0.043478260869565216	Absent	NA	NA
GB325	Proto-Oceanic	1	0	92	4	0.043478260869565216	Absent	NA	NA
GB325	Proto-Polynesian	1	0	92	4	0.043478260869565216	Absent	NA	NA
GB326	Proto-Central Pacific	0	1	105	16	0.1523809523809524	Present	NA	NA
GB326	Proto-Eastern Polynesian	0	1	105	16	0.1523809523809524	Present	NA	NA
GB326	Proto-Oceanic	0	1	105	16	0.1523809523809524	Present	NA	NA
GB326	Proto-Polynesian	0	1	105	16	0.1523809523809524	Present	NA	NA
GB327	Proto-Central Pacific	0	1	113	1	0.008849557522123895	Present	NA	NA
GB327	Proto-Eastern Polynesian	0	1	113	1	0.008849557522123895	Present	NA	NA
GB327	Proto-Oceanic	0	1	113	1	0.008849557522123895	Present	NA	NA
GB327	Proto-Polynesian	0	1	113	1	0.008849557522123895	Present	1	True Positive
GB328	Proto-Central Pacific	1	0	108	3	0.02777777777777778	Absent	NA	NA
GB328	Proto-Eastern Polynesian	1	0	108	3	0.02777777777777778	Absent	NA	NA
GB328	Proto-Oceanic	1	0	108	3	0.02777777777777778	Absent	NA	NA
GB328	Proto-Polynesian	1	0	108	3	0.02777777777777778	Absent	0	True Negative
GB329	Proto-Central Pacific	1	0	103	6	0.05825242718446602	Absent	NA	NA
GB329	Proto-Eastern Polynesian	1	0	103	6	0.05825242718446602	Absent	NA	NA
GB329	Proto-Oceanic	1	0	103	6	0.05825242718446602	Absent	NA	NA
GB329	Proto-Polynesian	1	0	103	6	0.05825242718446602	Absent	NA	NA
GB330	Proto-Central Pacific	1	0	98	7	0.07142857142857142	Absent	NA	NA
GB330	Proto-Eastern Polynesian	1	0	98	7	0.07142857142857142	Absent	NA	NA
GB330	Proto-Oceanic	1	0	98	7	0.07142857142857142	Absent	NA	NA
GB330	Proto-Polynesian	1	0	98	7	0.07142857142857142	Absent	NA	NA
GB331	Proto-Central Pacific	1	0	99	12	0.12121212121212123	Absent	NA	NA
GB331	Proto-Eastern Polynesian	0.4225	0.5774999999999999	99	12	0.12121212121212123	Half	NA	NA
GB331	Proto-Oceanic	0.975	0.024999999999999994	99	12	0.12121212121212123	Absent	NA	NA
GB331	Proto-Polynesian	1	0	99	12	0.12121212121212123	Absent	NA	NA
GB333	Proto-Central Pacific	0	1	120	21	0.17500000000000002	Present	NA	NA
GB333	Proto-Eastern Polynesian	0	1	120	21	0.17500000000000002	Present	NA	NA
GB333	Proto-Oceanic	0.009999999999999995	0.99	120	21	0.17500000000000002	Present	1	True Positive
GB333	Proto-Polynesian	0	1	120	21	0.17500000000000002	Present	NA	NA
GB334	Proto-Central Pacific	1	0	115	40	0.34782608695652173	Absent	NA	NA
GB334	Proto-Eastern Polynesian	1	0	115	40	0.34782608695652173	Absent	NA	NA
GB334	Proto-Oceanic	0.47	0.53	115	40	0.34782608695652173	Half	NA	NA
GB334	Proto-Polynesian	1	0	115	40	0.34782608695652173	Absent	NA	NA
GB335	Proto-Central Pacific	1	0	117	14	0.11965811965811966	Absent	NA	NA
GB335	Proto-Eastern Polynesian	1	0	117	14	0.11965811965811966	Absent	NA	NA
GB335	Proto-Oceanic	1	0	117	14	0.11965811965811966	Absent	NA	NA
GB335	Proto-Polynesian	1	0	117	14	0.11965811965811966	Absent	NA	NA
GB336	Proto-Central Pacific	1	0	109	1	0.009174311926605505	Absent	NA	NA
GB336	Proto-Eastern Polynesian	1	0	109	1	0.009174311926605505	Absent	NA	NA
GB336	Proto-Oceanic	1	0	109	1	0.009174311926605505	Absent	NA	NA
GB336	Proto-Polynesian	1	0	109	1	0.009174311926605505	Absent	NA	NA
GB400	Proto-Central Pacific	1	0	102	5	0.04901960784313726	Absent	NA	NA
GB400	Proto-Eastern Polynesian	1	0	102	5	0.04901960784313726	Absent	NA	NA
GB400	Proto-Oceanic	1	0	102	5	0.04901960784313726	Absent	NA	NA
GB400	Proto-Polynesian	1	0	102	5	0.04901960784313726	Absent	NA	NA
GB401	Proto-Central Pacific	NA	NA	65	24	0.3692307692307693	Not enough languages	NA	NA
GB401	Proto-Eastern Polynesian	NA	NA	65	24	0.3692307692307693	Not enough languages	NA	NA
GB401	Proto-Oceanic	NA	NA	65	24	0.3692307692307693	Not enough languages	NA	NA
GB401	Proto-Polynesian	NA	NA	65	24	0.3692307692307693	Not enough languages	NA	NA
GB402	Proto-Central Pacific	1	0	82	1	0.012195121951219513	Absent	NA	NA
GB402	Proto-Eastern Polynesian	1	0	82	1	0.012195121951219513	Absent	NA	NA
GB402	Proto-Oceanic	1	0	82	1	0.012195121951219513	Absent	NA	NA
GB402	Proto-Polynesian	1	0	82	1	0.012195121951219513	Absent	NA	NA
GB403	Proto-Central Pacific	1	0	86	13	0.1511627906976744	Absent	NA	NA
GB403	Proto-Eastern Polynesian	0.6060738705738705	0.3939261294261294	86	13	0.1511627906976744	Absent	NA	NA
GB403	Proto-Oceanic	1	0	86	13	0.1511627906976744	Absent	NA	NA
GB403	Proto-Polynesian	0.48	0.52	86	13	0.1511627906976744	Half	NA	NA
GB408	Proto-Central Pacific	0.5925	0.4075	117	45	0.3846153846153847	Half	NA	NA
GB408	Proto-Eastern Polynesian	0	1	117	45	0.3846153846153847	Present	1	True Positive
GB408	Proto-Oceanic	0.99	0.009999999999999997	117	45	0.3846153846153847	Absent	1	False Negative
GB408	Proto-Polynesian	0.9933333333333333	0.006666666666666668	117	45	0.3846153846153847	Absent	1	False Negative
GB408	Proto-Polynesian	0.9933333333333333	0.006666666666666668	117	45	0.3846153846153847	Absent	0	True Negative
GB409	Proto-Central Pacific	1	0	115	27	0.23478260869565218	Absent	1	False Negative
GB409	Proto-Central Pacific	1	0	115	27	0.23478260869565218	Absent	0	True Negative
GB409	Proto-Eastern Polynesian	0.039999999999999994	0.96	115	27	0.23478260869565218	Present	0	False Positive
GB409	Proto-Oceanic	1	0	115	27	0.23478260869565218	Absent	0	True Negative
GB409	Proto-Polynesian	0.13000000000000006	0.87	115	27	0.23478260869565218	Present	0	False Positive
GB409	Proto-Polynesian	0.13000000000000006	0.87	115	27	0.23478260869565218	Present	1	True Positive
GB410	Proto-Central Pacific	0	1	113	34	0.3008849557522124	Present	1	True Positive
GB410	Proto-Eastern Polynesian	0.36550000000000005	0.6345	113	34	0.3008849557522124	Present	NA	NA
GB410	Proto-Oceanic	0	1	113	34	0.3008849557522124	Present	NA	NA
GB410	Proto-Polynesian	0	1	113	34	0.3008849557522124	Present	NA	NA
GB415	Proto-Central Pacific	1	0	92	16	0.17391304347826086	Absent	NA	NA
GB415	Proto-Eastern Polynesian	1	0	92	16	0.17391304347826086	Absent	NA	NA
GB415	Proto-Oceanic	1	0	92	16	0.17391304347826086	Absent	NA	NA
GB415	Proto-Polynesian	1	0	92	16	0.17391304347826086	Absent	NA	NA
GB421	Proto-Central Pacific	0	1	92	31	0.3369565217391305	Present	NA	NA
GB421	Proto-Eastern Polynesian	0.2102857142857143	0.7897142857142857	92	31	0.3369565217391305	Present	NA	NA
GB421	Proto-Oceanic	0.35	0.65	92	31	0.3369565217391305	Present	NA	NA
GB421	Proto-Polynesian	0.395	0.605	92	31	0.3369565217391305	Present	NA	NA
GB422	Proto-Central Pacific	1	0	96	4	0.041666666666666664	Absent	NA	NA
GB422	Proto-Eastern Polynesian	1	0	96	4	0.041666666666666664	Absent	NA	NA
GB422	Proto-Oceanic	1	0	96	4	0.041666666666666664	Absent	NA	NA
GB422	Proto-Polynesian	1	0	96	4	0.041666666666666664	Absent	NA	NA
GB430	Proto-Central Pacific	1	0	123	15	0.12195121951219513	Absent	NA	NA
GB430	Proto-Eastern Polynesian	1	0	123	15	0.12195121951219513	Absent	NA	NA
GB430	Proto-Oceanic	1	0	123	15	0.12195121951219513	Absent	0	True Negative
GB430	Proto-Polynesian	1	0	123	15	0.12195121951219513	Absent	NA	NA
GB431	Proto-Central Pacific	1	0	124	10	0.08064516129032259	Absent	NA	NA
GB431	Proto-Eastern Polynesian	1	0	124	10	0.08064516129032259	Absent	NA	NA
GB431	Proto-Oceanic	1	0	124	10	0.08064516129032259	Absent	0	True Negative
GB431	Proto-Polynesian	1	0	124	10	0.08064516129032259	Absent	NA	NA
GB432	Proto-Central Pacific	1	0	122	12	0.09836065573770493	Absent	NA	NA
GB432	Proto-Eastern Polynesian	1	0	122	12	0.09836065573770493	Absent	NA	NA
GB432	Proto-Oceanic	1	0	122	12	0.09836065573770493	Absent	0	True Negative
GB432	Proto-Polynesian	1	0	122	12	0.09836065573770493	Absent	NA	NA
GB433	Proto-Central Pacific	0	1	126	35	0.2777777777777778	Present	NA	NA
GB433	Proto-Eastern Polynesian	1	0	126	35	0.2777777777777778	Absent	NA	NA
GB433	Proto-Oceanic	0	1	126	35	0.2777777777777778	Present	1	True Positive
GB433	Proto-Polynesian	0.985	0.01499999999999999	126	35	0.2777777777777778	Absent	NA	NA
GB519	Proto-Central Pacific	0	1	106	35	0.330188679245283	Present	NA	NA
GB519	Proto-Eastern Polynesian	0	1	106	35	0.330188679245283	Present	NA	NA
GB519	Proto-Oceanic	0.355	0.645	106	35	0.330188679245283	Present	NA	NA
GB519	Proto-Polynesian	0	1	106	35	0.330188679245283	Present	1	True Positive
GB520	Proto-Central Pacific	0	1	120	26	0.2166666666666667	Present	1	True Positive
GB520	Proto-Eastern Polynesian	0	1	120	26	0.2166666666666667	Present	NA	NA
GB520	Proto-Oceanic	0.014999999999999993	0.985	120	26	0.2166666666666667	Present	NA	NA
GB520	Proto-Polynesian	0	1	120	26	0.2166666666666667	Present	1	True Positive
GB521	Proto-Central Pacific	0.0019999999999999983	0.998	117	51	0.4358974358974359	Present	1	True Positive
GB521	Proto-Eastern Polynesian	0	1	117	51	0.4358974358974359	Present	NA	NA
GB521	Proto-Oceanic	0.995	0.0049999999999999975	117	51	0.4358974358974359	Absent	0	True Negative
GB521	Proto-Polynesian	0.0019999999999999983	0.998	117	51	0.4358974358974359	Present	NA	NA
GB522	Proto-Central Pacific	0.9535743145743146	0.04642568542568542	109	29	0.26605504587155965	Absent	NA	NA
GB522	Proto-Eastern Polynesian	0	1	109	29	0.26605504587155965	Present	NA	NA
GB522	Proto-Oceanic	0.36000000000000004	0.64	109	29	0.26605504587155965	Present	1	True Positive
GB522	Proto-Polynesian	0.12849624060150375	0.8715037593984962	109	29	0.26605504587155965	Present	1	True Positive
