ID	Grambank_ID_desc	OV vs VO types (excl affixes)	OV VO score for counting	Binary_Multistate	Name	Patrons	boundness	Flexivity	Gender/noun class	locus of marking	word order	informativity
GB024a	GB024a NUMOrder_Num-N	OV	0	binarised	NA	NA	NA	NA	NA	NA	NA	NA
GB024b	GB024b NUMOrder_N-Num	VO	1	binarised	NA	NA	NA	NA	NA	NA	NA	NA
GB025a	GB025a DEMOrder_Dem-N	OV	0	binarised	NA	NA	NA	NA	NA	NA	NA	NA
GB025b	GB025b DEMOrder_N-Dem	VO	1	binarised	NA	NA	NA	NA	NA	NA	NA	NA
GB065a	GB065a POSSOrder_PSR-PSD	OV	0	binarised	NA	NA	NA	NA	NA	NA	NA	NA
GB065b	GB065b POSSOrder_PSD-PSR	VO	1	binarised	NA	NA	NA	NA	NA	NA	NA	NA
GB130a	GB130a IntransOrder_SV	NA	NA	binarised	NA	NA	NA	NA	NA	NA	NA	NA
GB130b	GB130b IntransOrder_VS	NA	NA	binarised	NA	NA	NA	NA	NA	NA	NA	NA
GB193a	GB193a ANMOrder_ANM-N	OV	0	binarised	NA	NA	NA	NA	NA	NA	NA	NA
GB193b	GB193b ANMOrder_N-ANM	VO	1	binarised	NA	NA	NA	NA	NA	NA	NA	NA
GB203a	GB203a UQOrder_UQ-N	OV	0	binarised	NA	NA	NA	NA	NA	NA	NA	NA
GB203b	GB203b UQOrder_N-UQ	VO	1	binarised	NA	NA	NA	NA	NA	NA	NA	NA
GB020	GB020 ARTDef	NA	NA	Binary	Are there definite or specific articles?	JLA JC	NA	NA	NA	NA	NA	definitearticles
GB021	GB021 ARTIndef	NA	NA	Binary	Do indefinite nominals commonly have indefinite articles?	JLA JC	NA	NA	NA	NA	NA	indef
GB022	GB022 ARTPre	NA	NA	Binary	Are there prenominal articles?	JLA JC	NA	NA	NA	NA	0	NA
GB023	GB023 ARTPost	NA	NA	Binary	Are there postnominal articles?	JLA JC	NA	NA	NA	NA	1	NA
GB024	GB024 NUMOrder	NA	NA	Multi	What is the order of numeral and noun in the NP?	HJH	NA	NA	NA	NA	NA	NA
GB025	GB025 DEMOrder	NA	NA	Multi	What is the order of adnominal demonstrative and noun?	JLA JC	NA	NA	NA	NA	NA	NA
GB026	GB026 ADJDiscont	NA	NA	Binary	Can adnominal property words occur discontinuously?	HJH	NA	NA	NA	NA	NA	NA
GB027	GB027 ComitConjDifferent	NA	NA	Binary	Are nominal conjunction and comitative expressed by different elements?	HS	NA	NA	NA	NA	NA	comitative
GB028	GB028 Clusivity	NA	NA	Binary	Is there a distinction between inclusive and exclusive?	HJH	NA	NA	NA	NA	NA	clusivity
GB030	GB030 PRO3PGender	NA	NA	Binary	Is there a gender distinction in independent 3rd person pronouns?	HJH	NA	1	1	NA	NA	pronoungender3
GB031	GB031 PRODualAug	NA	NA	Binary	Is there a dual or unit augmented form (in addition to plural or augmented) for all person categories in the pronoun system?	HJH	NA	NA	NA	NA	NA	pronoundualaug
GB035	GB035 DEMDistContrast	NA	NA	Binary	Are there three or more distance contrasts in demonstratives?	JLA JC	NA	NA	NA	NA	NA	demonstartivedistance
GB036	GB036 DEMElevation	NA	NA	Binary	Do demonstratives show an elevation distinction?	JLA JC	NA	NA	NA	NA	NA	demonstrativeelevation
GB037	GB037 DEMVisNonvis	NA	NA	Binary	Do demonstratives show a visible-nonvisible distinction?	JLA JC	NA	NA	NA	NA	NA	demonstrativevisibility
GB038	GB038 DEMClassifier	NA	NA	Binary	Are there demonstrative classifiers?	JLA JC	NA	1	0	NA	NA	demonstrative classifiers
GB039	GB039 NounNUMAllomorph	NA	NA	Binary	Is there nonphonological allomorphy of noun number markers?	JLA JC	NA	1	NA	NA	NA	NA
GB041	GB041 NUMSupplNoun	NA	NA	Binary	Are there several nouns (more than three) which are suppletive for number?	HS	NA	1	NA	NA	NA	NA
GB042	GB042 SingularNoun	NA	NA	Binary	Is there productive overt morphological singular marking on nouns?	HS	1	NA	NA	1	NA	singular
GB043	GB043 DualBound	NA	NA	Binary	Is there productive morphological dual marking on nouns?	HS	1	NA	NA	1	NA	dual
GB044	GB044 PluralBound	NA	NA	Binary	Is there productive morphological plural marking on nouns?	HS	1	NA	NA	1	NA	plural
GB046	GB046 AssocPlural	NA	NA	Binary	Is there an associative plural marker for nouns?	HS	NA	NA	NA	NA	NA	assocplural
GB047	GB047 NMZActionState	NA	NA	Binary	Is there a productive morphological pattern for deriving an action/state noun from a verb?	HS	0.5	NA	NA	NA	NA	NA
GB048	GB048 NMZAgent	NA	NA	Binary	Is there a productive morphological pattern for deriving an agent noun from a verb?	HS	0.5	NA	NA	NA	NA	NA
GB049	GB049 NMZObject	NA	NA	Binary	Is there a productive morphological pattern for deriving an object noun from a verb?	HS	0.5	NA	NA	NA	NA	NA
GB051	GB051 GenderSex	NA	NA	Binary	Is there a gender/noun class system where sex is a factor in class assignment?	HJH	NA	1	1	NA	NA	gendersex
GB052	GB052 GenderShape	NA	NA	Binary	Is there a gender/noun class system where shape is a factor in class assignment?	HJH	NA	1	1	NA	NA	gendershape
GB053	GB053 GenderAnimacy	NA	NA	Binary	Is there a gender/noun class system where animacy is a factor in class assignment?	HJH	NA	1	1	NA	NA	genderanimacy
GB054	GB054 GenderPlants	NA	NA	Binary	Is there a gender/noun class system where plant status is a factor in class assignment?	HJH	NA	1	1	NA	NA	genderplant
GB057	GB057 NUMClassif	NA	NA	Binary	Are there numeral classifiers?	JLA JC	NA	1	0	NA	NA	numera classifers
GB058	GB058 POSSClassifier	NA	NA	Binary	Are there possessive classifiers?	JLA JC	NA	1	0	NA	NA	possessive classifiers
GB059	GB059 POSSAlienability	NA	NA	Binary	Is the adnominal possessive construction different for alienable and inalienable nouns?	HJH	NA	NA	NA	NA	NA	alienability
GB065	GB065 POSSPosdPosrOrder	NA	NA	Multi	What is the pragmatically unmarked order of adnominal possessor noun and possessed noun?	HJH	NA	NA	NA	NA	NA	NA
GB068	GB068 PredAdjLikeV	NA	NA	Binary	Do core adjectives (defined semantically as property concepts such as value, shape, age, dimension) act like verbs in predicative position?	JLA JC	NA	NA	NA	NA	NA	NA
GB069	GB069 AttrAdjLikeV	NA	NA	Binary	Do core adjectives (defined semantically as property concepts; value, shape, age, dimension) used attributively require the same morphological treatment as verbs?	JLA JC	NA	NA	NA	NA	NA	NA
GB070	GB070 CoreCaseNoun	NA	NA	Binary	Are there morphological cases for non-pronominal core arguments (i.e. S/A/P)?	JLE	1	NA	NA	0	NA	NA
GB071	GB071 CoreCasePRO	NA	NA	Binary	Are there morphological cases for pronominal core arguments (i.e. S/A/P)?	JLE	0.5	NA	NA	0	NA	NA
GB072	GB072 ObliqueCaseNoun	NA	NA	Binary	Are there morphological cases for oblique non-pronominal NPs (i.e. not S/A/P)?	JLE	1	NA	NA	0	NA	NA
GB073	GB073 ObliqueCasePRO	NA	NA	Binary	Are there morphological cases for independent oblique personal pronominal arguments (i.e. not S/A/P)?	JLE	0.5	NA	NA	0	NA	NA
GB074	GB074 Prepositions	NA	NA	Binary	Are there prepositions?	JLE	0	NA	NA	NA	1	NA
GB075	GB075 Postpositions	NA	NA	Binary	Are there postpositions?	JLE	0	NA	NA	NA	0	NA
GB079	GB079 VPrefixing	NA	NA	Binary	Do verbs have prefixes/proclitics, other than those that only mark A, S or P (do include portmanteau: A & S + TAM)?	JLE	1	NA	NA	NA	NA	NA
GB080	GB080 VSuffixing	NA	NA	Binary	Do verbs have suffixes/enclitics, other than those that only mark A, S or P (do include portmanteau: A & S + TAM)?	JLE	1	NA	NA	NA	NA	NA
GB081	GB081 VInfix	NA	NA	Binary	Is there productive infixation in verbs?	HJH	1	NA	NA	NA	NA	NA
GB082	GB082 PresentBoundV	NA	NA	Binary	Is there overt morphological marking of present tense on verbs?	HS	1	NA	NA	NA	NA	tense
GB083	GB083 PastBoundV	NA	NA	Binary	Is there overt morphological marking on the verb dedicated to past tense?	HS	1	NA	NA	NA	NA	tense
GB084	GB084 FutureBoundV	NA	NA	Binary	Is there overt morphological marking on the verb dedicated to future tense?	HS	1	NA	NA	NA	NA	tense
GB086	GB086 AspectBoundV	NA	NA	Binary	Is a morphological distinction between perfective and imperfective aspect available on verbs?	HS	1	NA	NA	NA	NA	aspect
GB089	GB089 S-ArgSfxV	NA	NA	Binary	Can the S argument be indexed by a suffix/enclitic on the verb in the simple main clause?	AWM	1	NA	NA	1	NA	NA
GB090	GB090 S-ArgPfxV	NA	NA	Binary	Can the S argument be indexed by a prefix/proclitic on the verb in the simple main clause?	AWM	1	NA	NA	1	NA	NA
GB091	GB091 A-ArgSfxV	NA	NA	Binary	Can the A argument be indexed by a suffix/enclitic on the verb in the simple main clause?	AWM	1	NA	NA	1	NA	NA
GB092	GB092 A-ArgPfxV	NA	NA	Binary	Can the A argument be indexed by a prefix/proclitic on the verb in the simple main clause?	AWM	1	NA	NA	1	NA	NA
GB093	GB093 P-ArgSfxV	NA	NA	Binary	Can the P argument be indexed by a suffix/enclitic on the verb in the simple main clause?	AWM	1	NA	NA	1	NA	NA
GB094	GB094 P-ArgPfxV	NA	NA	Binary	Can the P argument be indexed by a prefix/proclitic on the verb in the simple main clause?	AWM	1	NA	NA	1	NA	NA
GB095	GB095 CaseSplitTAM	NA	NA	Binary	Are variations in marking strategies of core participants based on TAM distinctions?	AWM	NA	1	NA	NA	NA	NA
GB096	GB096 CaseSplitVerbClass	NA	NA	Binary	Are variations in marking strategies of core participants based on verb classes?	AWM	NA	1	NA	NA	NA	NA
GB098	GB098 CaseSplitPerson	NA	NA	Binary	Are variations in marking strategies of core participants based on person distinctions?	AWM	NA	1	NA	NA	NA	NA
GB099	GB099 VSupplPerson	NA	NA	Binary	Can verb stems alter according to the person of a core participant?	AWM	NA	1	NA	1	NA	NA
GB103	GB103 BenefApplBoundV	NA	NA	Binary	Is there a benefactive applicative marker on the verb (including indexing)?	JLE	1	NA	NA	NA	NA	benefactive
GB104	GB104 AppInstrBoundV	NA	NA	Binary	Is there an instrumental applicative marker on the verb (including indexing)?	JLE	1	NA	NA	NA	NA	instrumental
GB105	GB105 CaseRecipientObj	NA	NA	Binary	Can the recipient in a ditransitive construction be marked like the monotransitive patient?	AWM	NA	NA	NA	NA	NA	NA
GB107	GB107 NEGBoundV	NA	NA	Binary	Can standard negation be marked by an affix, clitic or modification of the verb?	HS	1	NA	NA	NA	NA	NA
GB108	GB108 DirLocBoundV	NA	NA	Binary	Is there directional or locative morphological marking on verbs?	JLE	1	NA	NA	NA	NA	directional
GB109	GB109 VSupplNUM	NA	NA	Binary	Is there verb suppletion for participant number?	HS	NA	1	NA	1	NA	NA
GB110	GB110 VSupplTA	NA	NA	Binary	Is there verb suppletion for tense or aspect?	HS	NA	1	NA	NA	NA	NA
GB111	GB111 VerbClass	NA	NA	Binary	Are there conjugation classes?	JLA JC	NA	1	NA	NA	NA	NA
GB113	GB113 TransitivizingBound	NA	NA	Binary	Are there verbal affixes or clitics that turn intransitive verbs into transitive ones?	JLE	1	NA	NA	NA	NA	NA
GB114	GB114 ReflBoundV	NA	NA	Binary	Is there a phonologically bound reflexive marker on the verb?	JLE	1	NA	NA	1	NA	reflexivity
GB115	GB115 RecipBoundV	NA	NA	Binary	Is there a phonologically bound reciprocal marker on the verb?	JLE	1	NA	NA	1	NA	reciprocity
GB116	GB116 VClassifiers	NA	NA	Binary	Do verbs classify the shape, size or consistency of absolutive arguments by means of incorporated nouns, verbal affixes or suppletive verb stems?	JLA JC	NA	1	NA	NA	NA	verbclassify
GB117	GB117 CopulaPredNom	NA	NA	Binary	Is there a copula for predicate nominals?	JLA JC	NA	NA	NA	NA	NA	copulaprednom
GB118	GB118 SerialV	NA	NA	Binary	Are there serial verb constructions?	JLA JC	NA	NA	NA	NA	NA	NA
GB119	GB119 MoodAUX	NA	NA	Binary	Can mood be marked by an inflecting word (""""""""auxiliary verb"""""""")?	HS	1	NA	NA	NA	NA	mood
GB120	GB120 AspectAUX	NA	NA	Binary	Can aspect be marked by an inflecting word (""""""""auxiliary verb"""""""")?	HS	1	NA	NA	NA	NA	aspect
GB121	GB121 AUXTense	NA	NA	Binary	Can tense be marked by an inflecting word (""""""""auxiliary verb"""""""")?	HS	1	NA	NA	NA	NA	tense
GB122	GB122 VCompounding	NA	NA	Binary	Is verb compounding a regular process?	JLA JC	NA	NA	NA	NA	NA	NA
GB123	GB123 LightVerb	NA	NA	Binary	Are there verb-adjunct (aka light-verb) constructions?	JLA JC	NA	NA	NA	NA	NA	NA
GB124	GB124 NounIncorpIntrans	NA	NA	Binary	Is incorporation of nouns into verbs a productive intransitivizing process?	HJH	NA	NA	NA	NA	NA	NA
GB126	GB126 ExistentialV	NA	NA	Binary	Is there an existential verb?	HS	NA	NA	NA	NA	NA	existentialverb
GB127	GB127 PostureVerbs	NA	NA	Binary	Are different posture verbs used obligatorily depending on an inanimate locatum's shape or position (e.g. 'to lie' vs. 'to stand')?	JLE	NA	NA	NA	NA	NA	postureverbs
GB129	GB129 FewVerbs	NA	NA	Binary	Is there a notably small number, i.e. about 100 or less, of verb roots in the language?	HS	NA	NA	NA	NA	NA	NA
GB130	GB130 OrderSVIntrans	NA	NA	Multi	What is the pragmatically unmarked order of S and V in intransitive clauses?	HJH	NA	NA	NA	NA	NA	NA
GB131	GB131 TransVInitOrder	NA	NA	Binary	Is a pragmatically unmarked constituent order verb-initial for transitive clauses?	HJH	NA	NA	NA	NA	1	NA
GB132	GB132 TransVMedOrder	NA	NA	Binary	Is a pragmatically unmarked constituent order verb-medial for transitive clauses?	HJH	NA	NA	NA	NA	NA	NA
GB133	GB133 TransVFinalOrder	NA	NA	Binary	Is a pragmatically unmarked constituent order verb-final for transitive clauses?	HJH	NA	NA	NA	NA	0	NA
GB134	GB134 MainSubSameOrder	NA	NA	Binary	Is the order of constituents the same in main and subordinate clauses?	HJH	NA	NA	NA	NA	NA	NA
GB135	GB135 SUBClauseInOPosition	NA	NA	Binary	Do clausal objects usually occur in the same position as nominal objects?	HJH	NA	NA	NA	NA	NA	NA
GB136	GB136 WordOrderFixed	NA	NA	Binary	Is the order of core argument (i.e. S/A/P) constituents fixed?	HJH	NA	NA	NA	NA	NA	NA
GB137	GB137 NEGFinal	NA	NA	Binary	Can standard negation be marked clause-finally?	HJH	NA	NA	NA	NA	NA	NA
GB138	GB138 NEGInitial	NA	NA	Binary	Can standard negation be marked clause-initially?	HJH	NA	NA	NA	NA	NA	NA
GB139	GB139 NEGProhibitive	NA	NA	Binary	Is there a difference between imperative (prohibitive) and declarative negation constructions?	HS	NA	NA	NA	NA	NA	prohibitive
GB140	GB140 SameNEGLocExistNom	NA	NA	Binary	Is verbal predication marked by the same negator as all of the following types of predication: locational, existential and nominal?	HS	NA	NA	NA	NA	NA	differentneg
GB146	GB146 VControl	NA	NA	Binary	Is there a morpho-syntactic distinction between predicates expressing controlled versus uncontrolled events or states?	JLE	0.5	NA	NA	NA	NA	control
GB147	GB147 PassiveBoundV	NA	NA	Binary	Is there a morphological passive marked on the lexical verb?	JLE	1	NA	NA	NA	NA	passive
GB148	GB148 AntipassiveBoundV	NA	NA	Binary	Is there a morphological antipassive marked on the lexical verb?	JLE	1	NA	NA	NA	NA	antipassive
GB149	GB149 InverseBoundV	NA	NA	Binary	Is there a morphologically marked inverse on verbs?	JLE	1	NA	NA	NA	NA	inverse
GB150	GB150 ClauseChain	NA	NA	Binary	Is there clause chaining?	HJH	NA	NA	NA	NA	NA	NA
GB151	GB151 SwitchReference	NA	NA	Binary	Is there an overt verb marker dedicated to signalling coreference or noncoreference between the subject of one clause and an argument of an adjacent clause (""""""""switch reference"""""""")?	HJH	1	NA	NA	NA	NA	switch reference
GB152	GB152 SimulSeqBound	NA	NA	Binary	Is there a morphologically marked distinction between simultaneous and sequential clauses?	HJH	1	NA	NA	NA	NA	simultanseq
GB155	GB155 CAUSBound	NA	NA	Binary	Are causatives formed by affixes or clitics on verbs?	JLE	1	NA	NA	NA	NA	NA
GB156	GB156 CAUSSay	NA	NA	Binary	Is there a causative construction involving an element that is unmistakably grammaticalized from a verb for 'to say'?	JLE	NA	NA	NA	NA	NA	NA
GB158	GB158 RedupV	NA	NA	Binary	Are verbs reduplicated?	JLE	NA	NA	NA	NA	NA	NA
GB159	GB159 RedupNoun	NA	NA	Binary	Are nouns reduplicated?	JLE	NA	NA	NA	NA	NA	NA
GB160	GB160 RedupOther	NA	NA	Binary	Are elements apart from verbs or nouns reduplicated?	JLE	NA	NA	NA	NA	NA	NA
GB165	GB165 TrialBound	NA	NA	Binary	Is there productive morphological trial marking on nouns?	HS	1	NA	NA	1	NA	trial
GB166	GB166 PaucalBound	NA	NA	Binary	Is there productive morphological paucal marking on nouns?	HS	1	NA	NA	1	NA	paucal
GB167	GB167 PROLogophore	NA	NA	Binary	Is there a logophoric pronoun?	HJH	NA	NA	NA	NA	NA	pronounlog
GB170	GB170 ADJGender	NA	NA	Binary	Can an adnominal property word agree with the noun in gender/noun class?	JLA JC	1	1	1	0	NA	NA
GB171	GB171 DEMGender	NA	NA	Binary	Can an adnominal demonstrative agree with the noun in gender/noun class?	JLA JC	1	1	1	0	NA	NA
GB172	GB172 ARTGender	NA	NA	Binary	Can an article agree with the noun in gender/noun class?	JLA JC	1	1	1	0	NA	NA
GB177	GB177 AnimacyBoundV	NA	NA	Binary	Can the verb carry a marker of animacy of argument, unrelated to any gender/noun class of the argument visible in the NP domain?	AWM	1	1	1	1	NA	NA
GB184	GB184 AdjNUM	NA	NA	Binary	Can an adnominal property word agree with the noun in number?	JLA JC	1	NA	NA	0	NA	NA
GB185	GB185 DEMNum	NA	NA	Binary	Can an adnominal demonstrative agree with the noun in number?	JLA JC	1	NA	NA	0	NA	NA
GB186	GB186 ARTNum	NA	NA	Binary	Can an article agree with the noun in number?	JLA JC	1	NA	NA	0	NA	NA
GB187	GB187 DIMBound	NA	NA	Binary	Is there any productive diminutive marking on the noun (exclude marking by system of nominal classification only)?	JLA JC	1	1	NA	NA	NA	diminutive
GB188	GB188 AUGBound	NA	NA	Binary	Is there any productive augmentative marking on the noun (exclude marking by system of nominal classification only)?	JLA JC	1	1	NA	NA	NA	augmentative
GB192	GB192 GenderPhono	NA	NA	Binary	Is there a gender system where a noun's phonological properties are a factor in class assignment?	HJH	NA	1	1	NA	NA	NA
GB193	GB193 OrderADJ	NA	NA	Multi	What is the order of adnominal property word and noun?	JLA JC	NA	NA	NA	NA	NA	NA
GB196	GB196 PRO2PMascFem	NA	NA	Binary	Is there a male/female distinction in 2nd person independent pronouns?	HJH	NA	NA	1	NA	NA	pronoungender2
GB197	GB197 PRO1PMascFem	NA	NA	Binary	Is there a male/female distinction in 1st person independent pronouns?	HJH	NA	NA	1	NA	NA	pronoungender1
GB198	GB198 NUMGender	NA	NA	Binary	Can an adnominal numeral agree with the noun in gender/noun class?	JLA JC	1	1	1	0	NA	NA
GB203	GB203 QUANTOrder	NA	NA	Multi	What is the order of the adnominal collective universal quantifier ('all') and the noun?	HJH	NA	NA	NA	NA	NA	NA
GB204	GB204 QUANTUniversal	NA	NA	Binary	Do collective ('all') and distributive ('every') universal quantifiers differ in their forms or their syntactic positions?	HJH	NA	NA	NA	NA	NA	NA
GB250	GB250 PredPOSSHabeo	NA	NA	Binary	Can predicative possession be expressed with a transitive 'habeo' verb?	HS	NA	NA	NA	NA	NA	NA
GB252	GB252 PredPOSSLoc	NA	NA	Binary	Can predicative possession be expressed with an S-like possessum and a locative-coded possessor?	HS	NA	NA	NA	NA	NA	NA
GB253	GB253 PredPOSSDat	NA	NA	Binary	Can predicative possession be expressed with an S-like possessum and a dative-coded possessor?	HS	NA	NA	NA	NA	NA	NA
GB254	GB254 PredPOSSAdnom	NA	NA	Binary	Can predicative possession be expressed with an S-like possessum and a possessor that is coded like an adnominal possessor?	HS	NA	NA	NA	NA	NA	NA
GB256	GB256 PredPOSSComitative	NA	NA	Binary	Can predicative possession be expressed with an S-like possessor and a possessum that is coded like a comitative argument?	HS	NA	NA	NA	NA	NA	NA
GB257	GB257 QIntonation	NA	NA	Binary	Can polar interrogation be marked by intonation only?	JLA JC	NA	NA	NA	NA	NA	NA
GB260	GB260 QWordOrder	NA	NA	Binary	Can polar interrogation be indicated by a special word order?	JLA JC	NA	NA	NA	NA	NA	NA
GB262	GB262 QPartInitial	NA	NA	Binary	Is there a clause-initial polar interrogative particle?	JLA JC	0	NA	NA	NA	1	NA
GB263	GB263 QPartFinal	NA	NA	Binary	Is there a clause-final polar interrogative particle?	JLA JC	0	NA	NA	NA	NA	NA
GB264	GB264 QPartMedial	NA	NA	Binary	Is there a polar interrogative particle that most commonly occurs neither clause-initially nor clause-finally?	JLA JC	0	NA	NA	NA	NA	NA
GB265	GB265 COMPARExceed	NA	NA	Binary	Is there a comparative construction that includes a form that elsewhere means 'surpass, exceed'?	HJH	NA	NA	NA	NA	NA	NA
GB266	GB266 COMPARLoc	NA	NA	Binary	Is there a comparative construction that employs a marker of the standard which elsewhere has a locational meaning?	HJH	NA	NA	NA	NA	NA	NA
GB270	GB270 COMPARConjoin	NA	NA	Binary	Can comparatives be expressed using two conjoined clauses?	HJH	NA	NA	NA	NA	NA	NA
GB273	GB273 COMPAROtherMarker	NA	NA	Binary	Is there a comparative construction with a standard marker that elsewhere has neither a locational meaning nor a 'surpass/exceed' meaning?	HJH	NA	NA	NA	NA	NA	NA
GB275	GB275 COMPDegreeBound	NA	NA	Binary	Is there a bound comparative degree marker on the property word in a comparative construction?	HJH	1	NA	NA	NA	NA	NA
GB276	GB276 COMPDegreeFree	NA	NA	Binary	Is there a non-bound comparative degree marker modifying the property word in a comparative construction?	HJH	NA	NA	NA	NA	NA	NA
GB285	GB285 QPartVMorph	NA	NA	Binary	Can polar interrogation be marked by a question particle and verbal morphology?	JLA JC	1	NA	NA	NA	NA	NA
GB286	GB286 QVMorph	NA	NA	Binary	Can polar interrogation be indicated by overt verbal morphology only?	JLA JC	1	NA	NA	NA	NA	NA
GB291	GB291 QTone	NA	NA	Binary	Can polar interrogation be marked by tone?	JLA JC	NA	NA	NA	NA	NA	NA
GB296	GB296 Ideophones	NA	NA	Binary	Is there a phonologically or morphosyntactically definable class of ideophones that includes ideophones depicting imagery beyond sound?	JLE	NA	NA	NA	NA	NA	NA
GB297	GB297 QVNotV	NA	NA	Binary	Can polar interrogation be indicated by a V-not-V construction?	JLA JC	NA	NA	NA	NA	NA	NA
GB298	GB298 NEGAux	NA	NA	Binary	Can standard negation be marked by an inflecting word (""""""""auxiliary verb"""""""")?	HS	1	NA	NA	NA	NA	NA
GB299	GB299 NEGPart	NA	NA	Binary	Can standard negation be marked by a non-inflecting word (""""""""auxiliary particle"""""""")?	HS	0	NA	NA	NA	NA	NA
GB300	GB300 VSupplGive	NA	NA	Binary	Does the verb for 'give' have suppletive verb forms?	HS	NA	1	NA	NA	NA	NA
GB301	GB301 Inclusory	NA	NA	Binary	Is there an inclusory construction?	JLA JC	NA	NA	NA	NA	NA	NA
GB302	GB302 PassiveFree	NA	NA	Binary	Is there a phonologically free passive marker (""""""""particle"""""""" or """"""""auxiliary"""""""")?	JLE	0	NA	NA	NA	NA	passive
GB303	GB303 AntipassiveFree	NA	NA	Binary	Is there a phonologically free antipassive marker (""""""""particle"""""""" or """"""""auxiliary"""""""")?	JLE	0	NA	NA	NA	NA	antipassive
GB304	GB304 PassiveA-ArgOvert	NA	NA	Binary	Can the agent be expressed overtly in a passive clause?	JLE	NA	NA	NA	NA	NA	NA
GB305	GB305 PRORefl	NA	NA	Binary	Is there a phonologically independent reflexive pronoun?	JLE	NA	NA	NA	NA	NA	reflexivity
GB306	GB306 PROReciproc	NA	NA	Binary	Is there a phonologically independent non-bipartite reciprocal pronoun?	JLE	NA	NA	NA	NA	NA	reciprocity
GB309	GB309 MultiplePastFuture	NA	NA	Binary	Are there multiple past or multiple future tenses, distinguishing distance from Time of Reference?	HS	NA	NA	NA	NA	NA	multipletense
GB312	GB312 MoodBoundV	NA	NA	Binary	Is there overt morphological marking on the verb dedicated to mood?	HS	1	NA	NA	NA	NA	mood
GB313	GB313 PROPoss	NA	NA	Binary	Are there special adnominal possessive pronouns that are not formed by an otherwise regular process?	HJH	NA	NA	NA	NA	NA	NA
GB314	GB314 AUGgender	NA	NA	Binary	Can augmentative meaning be expressed productively by a shift of gender/noun class?	JLA JC	NA	NA	NA	NA	NA	augmentative
GB315	GB315 DIMGender	NA	NA	Binary	Can diminutive meaning be expressed productively by a shift of gender/noun class?	JLA JC	NA	NA	NA	NA	NA	diminutive
GB316	GB316 SingularFree	NA	NA	Binary	Is singular number regularly marked in the noun phrase by a dedicated phonologically free element?	HS	0	NA	NA	NA	NA	singular
GB317	GB317 DualFree	NA	NA	Binary	Is dual number regularly marked in the noun phrase by a dedicated phonologically free element?	HS	0	NA	NA	NA	NA	dual
GB318	GB318 PluralFree	NA	NA	Binary	Is plural number regularly marked in the noun phrase by a dedicated phonologically free element?	HS	0	NA	NA	NA	NA	plural
GB319	GB319 TrialFree	NA	NA	Binary	Is trial number regularly marked in the noun phrase by a dedicated phonologically free element?	HS	0	NA	NA	NA	NA	trial
GB320	GB320 PaucalFree	NA	NA	Binary	Is paucal number regularly marked in the noun phrase by a dedicated phonologically free element?	HS	0	NA	NA	NA	NA	paucal
GB321	GB321 GenderUnpredict	NA	NA	Binary	Is there a large class of nouns whose gender/noun class is not phonologically or semantically predictable?	HJH	NA	1	1	NA	NA	NA
GB322	GB322 EvidSense	NA	NA	Binary	Is there grammatical marking of direct evidence (perceived with the senses)?	HJH	NA	NA	NA	NA	NA	evidentiality_direct
GB323	GB323 EvidIndirect	NA	NA	Binary	Is there grammatical marking of indirect evidence (hearsay, inference, etc.)?	HJH	NA	NA	NA	NA	NA	evidentiality_indirect
GB324	GB324 QV	NA	NA	Binary	Is there an interrogative verb for content interrogatives (who?, what?, etc.)?	HJH	NA	NA	NA	NA	NA	NA
GB325	GB325 QCountMass	NA	NA	Binary	Is there a count/mass distinction in interrogative quantifiers?	HJH	NA	NA	NA	NA	NA	count_mass
GB326	GB326 QInSitu	NA	NA	Binary	Do (nominal) content interrogatives normally or frequently occur in situ?	HJH	NA	NA	NA	NA	NA	NA
GB327	GB327 RELPost	NA	NA	Binary	Can the relative clause follow the noun?	JLE	NA	NA	NA	NA	1	NA
GB328	GB328 RELPre	NA	NA	Binary	Can the relative clause precede the noun?	JLE	NA	NA	NA	NA	0	NA
GB329	GB329 RELInternalHead	NA	NA	Binary	Are there internally-headed relative clauses?	JLE	NA	NA	NA	NA	NA	NA
GB330	GB330 RELCorr	NA	NA	Binary	Are there correlative relative clauses?	JLE	NA	NA	NA	NA	NA	NA
GB331	GB331 RELAdjoined	NA	NA	Binary	Are there non-adjacent relative clauses?	JLE	NA	NA	NA	NA	NA	NA
GB333	GB333 NUMDecimal	NA	NA	Binary	Is there a decimal numeral system?	JLE	NA	NA	NA	NA	NA	NA
GB334	GB334 NUMQuinary	NA	NA	Binary	Is there synchronic evidence for any element of a quinary numeral system?	JLE	NA	NA	NA	NA	NA	NA
GB335	GB335 NUMVigesimal	NA	NA	Binary	Is there synchronic evidence for any element of a vigesimal numeral system?	JLE	NA	NA	NA	NA	NA	NA
GB336	GB336 NUMBodyTally	NA	NA	Binary	Is there a body-part tallying system?	JLE	NA	NA	NA	NA	NA	NA
GB400	GB400 PersonNeutralized	NA	NA	Binary	Are all person categories neutralized in some voice, tense, aspect, mood and/or negation?	AWM	NA	NA	NA	NA	NA	NA
GB401	GB401 PatientLabile	NA	NA	Binary	Is there a class of patient-labile verbs?	AWM	NA	NA	NA	NA	NA	NA
GB402	GB402 VSupplSee	NA	NA	Binary	Does the verb for 'see' have suppletive verb forms?	HS	NA	1	NA	NA	NA	NA
GB403	GB403 VSupplCome	NA	NA	Binary	Does the verb for 'come' have suppletive verb forms?	HS	NA	1	NA	NA	NA	NA
GB408	GB408 Accusative	NA	NA	Binary	Is there any accusative alignment of flagging?	AWM	NA	NA	NA	0	NA	NA
GB409	GB409 Ergative	NA	NA	Binary	Is there any ergative alignment of flagging?	AWM	NA	NA	NA	0	NA	NA
GB410	GB410 NeutralAlign	NA	NA	Binary	Is there any neutral alignment of flagging?	AWM	NA	NA	NA	0	NA	NA
GB415	GB415 PRO2PPoliteness	NA	NA	Binary	Is there a politeness distinction in 2nd person forms?	HJH	NA	NA	NA	NA	NA	politeness
GB421	GB421 ComplThinkKnowPre	NA	NA	Binary	Is there a preposed complementizer in complements of verbs of thinking and/or knowing?	HS	NA	NA	NA	NA	1	NA
GB422	GB422 ComplThinkKnowPost	NA	NA	Binary	Is there a postposed complementizer in complements of verbs of thinking and/or knowing?	HS	NA	NA	NA	NA	0	NA
GB430	GB430 POSSPfxPosr	NA	NA	Binary	Can adnominal possession be marked by a prefix on the possessor?	HJH	1	NA	NA	0	NA	NA
GB431	GB431 POSSPfxPosd	NA	NA	Binary	Can adnominal possession be marked by a prefix on the possessed noun?	HJH	1	NA	NA	1	NA	NA
GB432	GB432 POSSSfxPosr	NA	NA	Binary	Can adnominal possession be marked by a suffix on the possessor?	HJH	1	NA	NA	0	NA	NA
GB433	GB433 POSSSfxPosd	NA	NA	Binary	Can adnominal possession be marked by a suffix on the possessed noun?	HJH	1	NA	NA	1	NA	NA
GB519	GB519 MoodAuxPart	NA	NA	Binary	Can mood be marked by a non-inflecting word (""""""""auxiliary particle"""""""")?	HS	0	NA	NA	NA	NA	mood
GB520	GB520 AspectAuxPart	NA	NA	Binary	Can aspect be marked by a non-inflecting word (""""""""auxiliary particle"""""""")?	HS	0	NA	NA	NA	NA	aspect
GB521	GB521 TenseAuxPart	NA	NA	Binary	Can tense be marked by a non-inflecting word (""""""""auxiliary particle"""""""")?	HS	0	NA	NA	NA	NA	tense
GB522	GB522 PRODrop	NA	NA	Binary	Can the S or A argument be omitted from a pragmatically unmarked clause when the referent is inferrable from context (""""""""pro-drop"""""""" or """"""""null anaphora"""""""")?	HJH	NA	NA	NA	NA	NA	NA
