Feature_ID	Proto-language	parsimony_glottolog	parsimony_gray_mcct	parsimony_gray_posteriors	ML_glottolog	ML_gray_mcct	ML_gray_posteriors	most_common_most_common	HL_HL
GB024a	Proto-Oceanic	Half	Half	Half	Present	Present	Present	Absent	
GB024a	Proto-Central Pacific	Half	Present	Present	Present	Present	Present	Half	
GB024a	Proto-Polynesian	Absent	Absent	Absent	Present	Present	Present	Half	
GB024a	Proto-Eastern Polynesian	Present	Present	Present	Present	Present	Present	Present	
GB024b	Proto-Oceanic	Present	Present	Present	Present	Present	Present	Present	
GB024b	Proto-Central Pacific	Present	Present	Present	Present	Present	Present	Present	
GB024b	Proto-Polynesian	Present	Present	Present	Present	Present	Present	Present	
GB024b	Proto-Eastern Polynesian	Present	Present	Present	Present	Present	Present	Absent	
GB025a	Proto-Oceanic	Absent	Absent	Absent	Absent	Absent	Absent	Absent	Absent
GB025a	Proto-Central Pacific	Absent	Absent	Absent	Absent	Absent	Absent	Absent	
GB025a	Proto-Polynesian	Absent	Absent	Absent	Absent	Half	Absent	Half	
GB025a	Proto-Eastern Polynesian	Present	Present	Present	Present	Present	Present	Present	
GB025b	Proto-Oceanic	Present	Present	Present	Present	Present	Present	Present	Present
GB025b	Proto-Central Pacific	Present	Present	Present	Present	Present	Present	Present	
GB025b	Proto-Polynesian	Present	Present	Present	Present	Present	Present	Present	
GB025b	Proto-Eastern Polynesian	Present	Present	Present	Half	Present	Present	Present	
GB065a	Proto-Oceanic	Absent	Present	Present	Absent	Half	Present	Half	Present
GB065a	Proto-Central Pacific	Present	Present	Present	Present	Half	Present	Present	
GB065a	Proto-Polynesian	Present	Present	Present	Present	Half	Present	Present	
GB065a	Proto-Eastern Polynesian	Present	Present	Present	Present	Half	Present	Present	
GB065b	Proto-Oceanic	Present	Present	Present	Present	Present	Present	Present	Present
GB065b	Proto-Central Pacific	Present	Present	Present	Present	Present	Present	Present	
GB065b	Proto-Polynesian	Present	Present	Present	Present	Present	Present	Present	
GB065b	Proto-Eastern Polynesian	Present	Present	Present	Present	Present	Present	Present	
GB130a	Proto-Central Pacific	Half	Half	Present	Absent	Half	Half	Absent	Absent
GB130a	Proto-Polynesian	Absent	Absent	Absent	Absent	Absent	Absent	Absent	Absent
GB130a	Proto-Oceanic	Present	Present	Present	Present	Present	Present	Present	
GB130a	Proto-Eastern Polynesian	Absent	Absent	Absent	Absent	Absent	Absent	Absent	
GB130b	Proto-Central Pacific	Half	Half	Half	Present	Present	Absent	Present	Present
GB130b	Proto-Polynesian	Present	Present	Present	Present	Present	Present	Present	Present
GB130b	Proto-Oceanic	Absent	Absent	Absent	Present	Absent	Absent	Absent	
GB130b	Proto-Eastern Polynesian	Present	Present	Present	Present	Present	Present	Present	
GB193a	Proto-Oceanic	Absent	Absent	Absent	Absent	Absent	Absent	Absent	Absent
GB193a	Proto-Polynesian	Absent	Absent	Absent	Absent	Absent	Absent	Absent	Absent
GB193a	Proto-Central Pacific	Absent	Absent	Absent	Absent	Absent	Absent	Absent	
GB193a	Proto-Eastern Polynesian	Absent	Absent	Absent	Absent	Absent	Absent	Absent	
GB193b	Proto-Oceanic	Present	Present	Present	Half	Present	Present	Present	Present
GB193b	Proto-Polynesian	Present	Present	Present	Present	Present	Present	Present	Present
GB193b	Proto-Central Pacific	Present	Present	Present	Present	Present	Present	Present	
GB193b	Proto-Eastern Polynesian	Present	Present	Present	Present	Present	Present	Present	
GB203a	Proto-Oceanic	Absent	Absent	Absent	Half	Absent	Absent	Absent	
GB203a	Proto-Central Pacific	Absent	Absent	Absent	Present	Absent	Absent	Absent	
GB203a	Proto-Polynesian	Absent	Absent	Absent	Absent	Absent	Absent	Absent	
GB203a	Proto-Eastern Polynesian	Absent	Absent	Absent	Present	Absent	Absent	Half	
GB203b	Proto-Oceanic	Present	Present	Present	Present	Present	Present	Present	
GB203b	Proto-Central Pacific	Present	Present	Present	Present	Present	Present	Present	
GB203b	Proto-Polynesian	Present	Present	Present	Present	Present	Present	Present	
GB203b	Proto-Eastern Polynesian	Present	Present	Present	Present	Present	Present	Present	
GB020	Proto-Polynesian	Present	Present	Present	Present	Present	Present	Present	Present
GB020	Proto-Oceanic	Absent	Absent	Absent	Half	Half	Absent	Half	
GB020	Proto-Central Pacific	Present	Present	Present	Present	Present	Half	Present	
GB020	Proto-Eastern Polynesian	Present	Present	Present	Present	Present	Present	Present	
GB021	Proto-Polynesian	Present	Present	Present	Present	Present	Present	Present	Present
GB021	Proto-Oceanic	Absent	Absent	Absent	Absent	Absent	Absent	Absent	
GB021	Proto-Central Pacific	Absent	Absent	Absent	Absent	Absent	Absent	Present	
GB021	Proto-Eastern Polynesian	Present	Present	Present	Present	Present	Present	Present	
GB022	Proto-Oceanic	Present	Half	Half	Present	Absent	Absent	Half	Present
GB022	Proto-Polynesian	Present	Present	Present	Present	Present	Present	Present	Present
GB022	Proto-Central Pacific	Present	Present	Present	Present	Half	Present	Present	
GB022	Proto-Eastern Polynesian	Present	Present	Present	Present	Present	Present	Present	
GB023	Proto-Oceanic	Absent	Absent	Absent	Absent	Absent	Absent	Absent	Absent
GB023	Proto-Central Pacific	Absent	Absent	Absent	Absent	Absent	Absent	Absent	
GB023	Proto-Polynesian	Absent	Absent	Absent	Absent	Absent	Absent	Absent	
GB023	Proto-Eastern Polynesian	Absent	Absent	Absent	Absent	Absent	Absent	Absent	
GB026	Proto-Oceanic	Absent	Absent	Absent	Absent			Absent	
GB026	Proto-Central Pacific	Absent	Absent	Absent	Absent			Absent	
GB026	Proto-Polynesian	Absent	Absent	Absent	Absent			Absent	
GB026	Proto-Eastern Polynesian	Absent	Absent	Absent	Absent			Absent	
GB027	Proto-Oceanic	Present	Present	Present	Present	Present	Present	Present	
GB027	Proto-Central Pacific	Half	Half	Half	Absent	Half	Half	Absent	
GB027	Proto-Polynesian	Absent	Absent	Absent	Absent	Absent	Absent	Absent	
GB027	Proto-Eastern Polynesian	Present	Present	Half	Present	Absent	Absent	Present	
GB028	Proto-Oceanic	Present	Present	Present	Present	Present	Present	Present	Present
GB028	Proto-Polynesian	Present	Present	Present	Present	Present	Present	Present	Present
GB028	Proto-Central Pacific	Present	Present	Present	Present	Present	Present	Present	
GB028	Proto-Eastern Polynesian	Present	Present	Present	Present	Present	Present	Present	
GB030	Proto-Oceanic	Absent	Absent	Absent	Absent	Absent	Absent	Absent	Absent
GB030	Proto-Central Pacific	Absent	Absent	Absent	Absent	Absent	Absent	Absent	
GB030	Proto-Polynesian	Absent	Absent	Absent	Absent	Absent	Absent	Absent	
GB030	Proto-Eastern Polynesian	Absent	Absent	Absent	Absent	Absent	Absent	Absent	
GB031	Proto-Oceanic	Present	Half	Present	Present	Present	Present	Present	Present
GB031	Proto-Polynesian	Present	Present	Present	Present	Present	Present	Present	Present
GB031	Proto-Central Pacific	Present	Present	Present	Present	Present	Present	Present	
GB031	Proto-Eastern Polynesian	Present	Present	Present	Present	Present	Present	Present	
GB035	Proto-Oceanic	Present	Present	Present	Present	Absent	Absent	Present	Present
GB035	Proto-Polynesian	Present	Present	Present	Present	Present	Present	Present	Present
GB035	Proto-Central Pacific	Present	Present	Present	Present	Present	Present	Present	
GB035	Proto-Eastern Polynesian	Present	Present	Present	Present	Present	Present	Present	
GB036	Proto-Oceanic	Absent	Absent	Absent	Absent	Absent	Absent	Absent	
GB036	Proto-Central Pacific	Absent	Absent	Absent	Absent	Absent	Absent	Absent	
GB036	Proto-Polynesian	Absent	Absent	Absent	Absent	Absent	Absent	Absent	
GB036	Proto-Eastern Polynesian	Absent	Absent	Absent	Absent	Absent	Absent	Absent	
GB037	Proto-Oceanic	Absent	Absent	Absent	Absent	Absent	Absent	Absent	
GB037	Proto-Central Pacific	Absent	Absent	Absent	Absent	Absent	Absent	Absent	
GB037	Proto-Polynesian	Absent	Absent	Absent	Absent	Absent	Absent	Absent	
GB037	Proto-Eastern Polynesian	Absent	Absent	Absent	Absent	Absent	Absent	Absent	
GB038	Proto-Oceanic	Absent	Absent	Absent	Absent	Absent	Absent	Absent	
GB038	Proto-Central Pacific	Absent	Absent	Absent	Absent	Absent	Absent	Absent	
GB038	Proto-Polynesian	Absent	Absent	Absent	Absent	Absent	Absent	Absent	
GB038	Proto-Eastern Polynesian	Absent	Absent	Absent	Absent	Absent	Absent	Absent	
GB039	Proto-Oceanic	Absent	Absent	Absent	Absent	Absent	Absent	Absent	
GB039	Proto-Central Pacific	Absent	Absent	Absent	Absent	Absent	Absent	Absent	
GB039	Proto-Polynesian	Absent	Absent	Absent	Absent	Absent	Absent	Absent	
GB039	Proto-Eastern Polynesian	Absent	Absent	Absent	Absent	Absent	Absent	Absent	
GB041	Proto-Oceanic	Absent	Absent	Absent	Absent	Absent	Absent	Absent	
GB041	Proto-Central Pacific	Absent	Absent	Absent	Absent	Absent	Absent	Absent	
GB041	Proto-Polynesian	Absent	Absent	Absent	Absent	Absent	Absent	Absent	
GB041	Proto-Eastern Polynesian	Absent	Absent	Absent	Absent	Absent	Absent	Absent	
GB042	Proto-Oceanic	Absent	Absent	Absent	Absent	Absent	Absent	Absent	
GB042	Proto-Central Pacific	Absent	Absent	Absent	Absent	Absent	Absent	Absent	
GB042	Proto-Polynesian	Absent	Absent	Absent	Absent	Absent	Absent	Absent	
GB042	Proto-Eastern Polynesian	Absent	Absent	Absent	Absent	Absent	Absent	Absent	
GB043	Proto-Oceanic	Absent	Absent	Absent	Absent	Absent	Absent	Absent	
GB043	Proto-Central Pacific	Absent	Absent	Absent	Absent	Absent	Absent	Absent	
GB043	Proto-Polynesian	Absent	Absent	Absent	Absent	Absent	Absent	Absent	
GB043	Proto-Eastern Polynesian	Absent	Absent	Absent	Absent	Absent	Absent	Absent	
GB044	Proto-Oceanic	Absent	Absent	Absent	Absent	Absent	Absent	Absent	
GB044	Proto-Central Pacific	Absent	Absent	Absent	Absent	Absent	Absent	Absent	
GB044	Proto-Polynesian	Absent	Absent	Absent	Absent	Absent	Absent	Absent	
GB044	Proto-Eastern Polynesian	Absent	Absent	Absent	Absent	Absent	Absent	Absent	
GB047	Proto-Oceanic	Present	Present	Present	Present	Present	Present	Present	Present
GB047	Proto-Central Pacific	Present	Present	Present	Present	Present	Present	Present	
GB047	Proto-Polynesian	Present	Present	Present	Present	Present	Present	Present	
GB047	Proto-Eastern Polynesian	Present	Present	Present	Present	Present	Present	Present	
GB048	Proto-Oceanic	Absent	Absent	Absent	Absent	Absent	Absent	Absent	
GB048	Proto-Central Pacific	Absent	Absent	Absent	Half	Absent	Absent	Absent	
GB048	Proto-Polynesian	Absent	Absent	Absent	Absent	Absent	Absent	Absent	
GB048	Proto-Eastern Polynesian	Absent	Absent	Absent	Absent	Absent	Absent	Absent	
GB049	Proto-Oceanic	Present	Present	Present	Present	Half	Half	Half	Present
GB049	Proto-Central Pacific	Present	Present	Present	Present	Half	Present	Half	
GB049	Proto-Polynesian	Present	Present	Present	Present	Half	Present	Half	
GB049	Proto-Eastern Polynesian	Absent	Absent	Absent	Absent	Half	Absent	Absent	
GB051	Proto-Oceanic	Absent	Absent	Absent	Absent	Absent	Absent	Absent	Absent
GB051	Proto-Central Pacific	Absent	Absent	Absent	Absent	Absent	Absent	Absent	
GB051	Proto-Polynesian	Absent	Absent	Absent	Absent	Absent	Absent	Absent	
GB051	Proto-Eastern Polynesian	Absent	Absent	Absent	Absent	Absent	Absent	Absent	
GB052	Proto-Oceanic	Absent	Absent	Absent	Absent	Absent	Absent	Absent	Absent
GB052	Proto-Central Pacific	Absent	Absent	Absent	Absent	Absent	Absent	Absent	
GB052	Proto-Polynesian	Absent	Absent	Absent	Absent	Absent	Absent	Absent	
GB052	Proto-Eastern Polynesian	Absent	Absent	Absent	Absent	Absent	Absent	Absent	
GB053	Proto-Oceanic	Absent	Absent	Absent	Absent	Absent	Absent	Absent	Absent
GB053	Proto-Central Pacific	Absent	Absent	Absent	Absent	Absent	Absent	Absent	
GB053	Proto-Polynesian	Absent	Absent	Absent	Absent	Absent	Absent	Absent	
GB053	Proto-Eastern Polynesian	Absent	Absent	Absent	Absent	Absent	Absent	Absent	
GB054	Proto-Oceanic	Absent	Absent	Absent	Absent	Absent	Absent	Absent	Absent
GB054	Proto-Central Pacific	Absent	Absent	Absent	Absent	Absent	Absent	Absent	
GB054	Proto-Polynesian	Absent	Absent	Absent	Absent	Absent	Absent	Absent	
GB054	Proto-Eastern Polynesian	Absent	Absent	Absent	Absent	Absent	Absent	Absent	
GB057	Proto-Oceanic	Absent	Absent	Absent	Absent	Absent	Absent	Absent	
GB057	Proto-Central Pacific	Absent	Present	Present	Absent	Present	Present	Present	
GB057	Proto-Polynesian	Present	Present	Present	Present	Present	Present	Present	
GB057	Proto-Eastern Polynesian	Half	Half	Present	Present	Present	Present	Half	
GB058	Proto-Oceanic	Present	Half	Present	Present	Present	Present	Half	Present
GB058	Proto-Central Pacific	Present	Present	Present	Present	Half	Present	Absent	
GB058	Proto-Polynesian	Absent	Absent	Absent	Absent	Absent	Absent	Absent	
GB058	Proto-Eastern Polynesian	Absent	Absent	Absent	Absent	Absent	Absent	Absent	
GB059	Proto-Oceanic	Present	Present	Present	Present	Present	Present	Present	Present
GB059	Proto-Polynesian	Present	Present	Present	Present	Present	Present	Present	Present
GB059	Proto-Central Pacific	Present	Present	Present	Present	Present	Present	Present	
GB059	Proto-Eastern Polynesian	Present	Present	Present	Present	Present	Present	Present	
GB068	Proto-Oceanic	Present	Half	Half	Present	Present	Present	Present	Present
GB068	Proto-Central Pacific	Present	Present	Present	Present	Present	Present	Present	
GB068	Proto-Polynesian	Present	Present	Present	Present	Present	Present	Present	
GB068	Proto-Eastern Polynesian	Present	Present	Present	Present	Present	Present	Present	
GB069	Proto-Oceanic	Absent	Half	Absent	Absent	Absent	Absent	Absent	
GB069	Proto-Central Pacific	Absent	Absent	Absent	Absent	Absent	Absent	Absent	
GB069	Proto-Polynesian	Absent	Absent	Absent	Absent	Absent	Absent	Absent	
GB069	Proto-Eastern Polynesian	Absent	Absent	Absent	Absent	Absent	Absent	Absent	
GB070	Proto-Polynesian	Absent	Absent	Absent	Absent	Absent	Absent	Absent	Absent
GB070	Proto-Oceanic	Absent	Absent	Absent	Absent	Absent	Absent	Absent	
GB070	Proto-Central Pacific	Absent	Absent	Absent	Absent	Absent	Absent	Absent	
GB070	Proto-Eastern Polynesian	Absent	Absent	Absent	Absent	Absent	Absent	Absent	
GB071	Proto-Central Pacific	Absent	Absent	Absent	Absent	Absent	Absent	Absent	Absent
GB071	Proto-Oceanic	Absent	Absent	Absent	Absent	Absent	Absent	Absent	
GB071	Proto-Polynesian	Absent	Absent	Absent	Absent	Absent	Absent	Absent	
GB071	Proto-Eastern Polynesian	Absent	Absent	Absent	Absent	Absent	Absent	Absent	
GB072	Proto-Oceanic	Absent	Absent	Absent	Absent	Absent	Absent	Absent	
GB072	Proto-Central Pacific	Absent	Absent	Absent	Absent	Absent	Absent	Absent	
GB072	Proto-Polynesian	Absent	Absent	Absent	Absent	Absent	Absent	Absent	
GB072	Proto-Eastern Polynesian	Absent	Absent	Absent	Absent	Absent	Absent	Absent	
GB073	Proto-Central Pacific	Absent	Absent	Absent	Absent	Absent	Absent	Absent	Absent
GB073	Proto-Oceanic	Absent	Absent	Absent	Absent	Absent	Absent	Absent	
GB073	Proto-Polynesian	Absent	Absent	Absent	Absent	Absent	Absent	Absent	
GB073	Proto-Eastern Polynesian	Absent	Absent	Absent	Absent	Absent	Absent	Absent	
GB074	Proto-Oceanic	Present	Present	Present	Present	Present	Present	Present	Present
GB074	Proto-Polynesian	Present	Present	Present	Present	Present	Present	Present	Present
GB074	Proto-Central Pacific	Present	Present	Present	Present	Present	Present	Present	
GB074	Proto-Eastern Polynesian	Present	Present	Present	Present	Present	Present	Present	
GB075	Proto-Oceanic	Absent	Half	Absent	Absent	Absent	Absent	Absent	Absent
GB075	Proto-Central Pacific	Absent	Absent	Absent	Absent	Absent	Absent	Absent	
GB075	Proto-Polynesian	Absent	Absent	Absent	Absent	Absent	Absent	Absent	
GB075	Proto-Eastern Polynesian	Absent	Absent	Absent	Absent	Absent	Absent	Absent	
GB079	Proto-Central Pacific	Present	Present	Present	Present	Present	Present	Present	Present
GB079	Proto-Oceanic	Present	Present	Present	Present	Present	Present	Present	Present
GB079	Proto-Polynesian	Present	Present	Present	Present	Present	Present	Present	
GB079	Proto-Eastern Polynesian	Present	Present	Present	Present	Present	Present	Present	
GB080	Proto-Oceanic	Present	Present	Present	Present	Present	Present	Present	
GB080	Proto-Central Pacific	Present	Present	Present	Present	Present	Present	Present	
GB080	Proto-Polynesian	Present	Present	Present	Present	Present	Half	Present	
GB080	Proto-Eastern Polynesian	Present	Half	Present	Absent	Present	Absent	Half	
GB081	Proto-Oceanic	Absent	Absent	Absent	Absent	Absent	Absent	Absent	
GB081	Proto-Central Pacific	Absent	Absent	Absent	Absent	Absent	Absent	Absent	
GB081	Proto-Polynesian	Absent	Absent	Absent	Absent	Absent	Absent	Absent	
GB081	Proto-Eastern Polynesian	Absent	Absent	Absent	Absent	Absent	Absent	Absent	
GB082	Proto-Oceanic	Absent	Absent	Absent	Absent	Absent	Absent	Absent	Absent
GB082	Proto-Central Pacific	Absent	Absent	Absent	Absent	Absent	Absent	Absent	
GB082	Proto-Polynesian	Absent	Absent	Absent	Absent	Absent	Absent	Absent	
GB082	Proto-Eastern Polynesian	Absent	Absent	Absent	Absent	Absent	Absent	Absent	
GB083	Proto-Oceanic	Absent	Absent	Absent	Absent	Absent	Absent	Absent	Absent
GB083	Proto-Central Pacific	Absent	Absent	Absent	Absent	Absent	Absent	Absent	
GB083	Proto-Polynesian	Absent	Absent	Absent	Absent	Absent	Absent	Absent	
GB083	Proto-Eastern Polynesian	Absent	Absent	Absent	Absent	Absent	Absent	Absent	
GB084	Proto-Oceanic	Absent	Absent	Absent	Absent	Absent	Absent	Absent	Absent
GB084	Proto-Central Pacific	Absent	Absent	Absent	Absent	Absent	Absent	Absent	
GB084	Proto-Polynesian	Absent	Absent	Absent	Absent	Absent	Absent	Absent	
GB084	Proto-Eastern Polynesian	Absent	Absent	Absent	Absent	Absent	Absent	Absent	
GB086	Proto-Oceanic	Absent	Absent	Absent	Absent	Absent	Absent	Absent	Present
GB086	Proto-Central Pacific	Absent	Absent	Absent	Absent	Absent	Absent	Absent	
GB086	Proto-Polynesian	Absent	Absent	Absent	Absent	Absent	Absent	Absent	
GB086	Proto-Eastern Polynesian	Absent	Absent	Absent	Absent	Absent	Absent	Absent	
GB089	Proto-Oceanic	Absent	Absent	Absent	Absent	Absent	Absent	Absent	Absent
GB089	Proto-Central Pacific	Absent	Absent	Absent	Absent	Absent	Absent	Absent	
GB089	Proto-Polynesian	Absent	Absent	Absent	Absent	Absent	Absent	Absent	
GB089	Proto-Eastern Polynesian	Absent	Absent	Absent	Absent	Absent	Absent	Absent	
GB090	Proto-Oceanic	Present	Present	Present	Present	Present	Present	Half	Present
GB090	Proto-Central Pacific	Absent	Absent	Absent	Absent	Absent	Absent	Absent	
GB090	Proto-Polynesian	Absent	Absent	Absent	Absent	Absent	Absent	Absent	
GB090	Proto-Eastern Polynesian	Absent	Absent	Absent	Absent	Absent	Absent	Absent	
GB091	Proto-Oceanic	Absent	Absent	Absent	Absent	Absent	Absent	Absent	Absent
GB091	Proto-Central Pacific	Absent	Absent	Absent	Absent	Absent	Absent	Absent	
GB091	Proto-Polynesian	Absent	Absent	Absent	Absent	Absent	Absent	Absent	
GB091	Proto-Eastern Polynesian	Absent	Absent	Absent	Absent	Absent	Absent	Absent	
GB092	Proto-Oceanic	Present	Present	Present	Present	Present	Present	Half	Present
GB092	Proto-Central Pacific	Absent	Absent	Absent	Absent	Absent	Absent	Absent	
GB092	Proto-Polynesian	Absent	Absent	Absent	Absent	Absent	Absent	Absent	
GB092	Proto-Eastern Polynesian	Absent	Absent	Absent	Absent	Absent	Absent	Absent	
GB093	Proto-Oceanic	Present	Present	Present	Present	Present	Present	Half	Present
GB093	Proto-Central Pacific	Present	Present	Present	Present	Present	Present	Absent	
GB093	Proto-Polynesian	Absent	Absent	Absent	Absent	Absent	Absent	Absent	
GB093	Proto-Eastern Polynesian	Absent	Absent	Absent	Absent	Absent	Absent	Absent	
GB094	Proto-Oceanic	Absent	Absent	Absent	Absent	Absent	Absent	Absent	Absent
GB094	Proto-Central Pacific	Absent	Absent	Absent	Absent	Absent	Absent	Absent	
GB094	Proto-Polynesian	Absent	Absent	Absent	Absent	Absent	Absent	Absent	
GB094	Proto-Eastern Polynesian	Absent	Absent	Absent	Absent	Absent	Absent	Absent	
GB095	Proto-Oceanic	Absent	Absent	Absent	Absent	Absent	Absent	Absent	
GB095	Proto-Central Pacific	Absent	Absent	Absent	Absent	Absent	Absent	Absent	
GB095	Proto-Polynesian	Absent	Absent	Absent	Absent	Absent	Absent	Absent	
GB095	Proto-Eastern Polynesian	Absent	Absent	Absent	Absent	Absent	Absent	Absent	
GB096	Proto-Oceanic	Absent	Absent	Absent	Absent	Absent	Absent	Absent	
GB096	Proto-Central Pacific	Absent	Absent	Absent	Absent	Absent	Absent	Absent	
GB096	Proto-Polynesian	Absent	Absent	Absent	Absent	Absent	Absent	Absent	
GB096	Proto-Eastern Polynesian	Absent	Absent	Absent	Absent	Absent	Absent	Absent	
GB098	Proto-Oceanic	Absent	Absent	Absent	Absent	Absent	Absent	Absent	
GB098	Proto-Central Pacific	Absent	Absent	Absent	Absent	Absent	Absent	Absent	
GB098	Proto-Polynesian	Absent	Absent	Absent	Absent	Absent	Absent	Absent	
GB098	Proto-Eastern Polynesian	Absent	Absent	Absent	Absent	Absent	Absent	Absent	
GB099	Proto-Oceanic	Absent	Absent	Absent	Absent	Absent	Absent	Absent	
GB099	Proto-Central Pacific	Absent	Absent	Absent	Absent	Absent	Absent	Absent	
GB099	Proto-Polynesian	Absent	Absent	Absent	Absent	Absent	Absent	Absent	
GB099	Proto-Eastern Polynesian	Absent	Absent	Absent	Absent	Absent	Absent	Absent	
GB103	Proto-Oceanic	Absent	Half	Absent	Absent	Absent	Absent	Absent	
GB103	Proto-Central Pacific	Absent	Absent	Absent	Absent	Absent	Absent	Absent	
GB103	Proto-Polynesian	Absent	Absent	Absent	Absent	Absent	Absent	Absent	
GB103	Proto-Eastern Polynesian	Absent	Absent	Absent	Absent	Absent	Absent	Absent	
GB104	Proto-Oceanic	Absent	Absent	Absent	Present	Absent	Absent	Absent	
GB104	Proto-Central Pacific	Half	Absent	Absent	Present	Absent	Absent	Absent	
GB104	Proto-Polynesian	Absent	Absent	Absent	Present	Absent	Absent	Absent	
GB104	Proto-Eastern Polynesian	Absent	Absent	Absent	Absent	Absent	Absent	Absent	
GB105	Proto-Oceanic	Absent	Half	Half	Absent	Half	Half	Half	Absent
GB105	Proto-Central Pacific	Absent	Absent	Absent	Absent	Half	Absent	Absent	
GB105	Proto-Polynesian	Absent	Absent	Absent	Absent	Half	Absent	Absent	
GB105	Proto-Eastern Polynesian	Absent	Absent	Absent	Absent	Half	Absent	Half	
GB107	Proto-Oceanic	Absent	Absent	Absent	Absent	Absent	Absent	Absent	
GB107	Proto-Central Pacific	Absent	Absent	Absent	Absent	Absent	Absent	Absent	
GB107	Proto-Polynesian	Absent	Absent	Absent	Absent	Absent	Absent	Absent	
GB107	Proto-Eastern Polynesian	Absent	Absent	Absent	Absent	Absent	Absent	Absent	
GB108	Proto-Oceanic	Absent	Absent	Absent	Absent	Absent	Absent	Absent	
GB108	Proto-Central Pacific	Absent	Absent	Absent	Absent	Absent	Absent	Absent	
GB108	Proto-Polynesian	Absent	Absent	Absent	Absent	Absent	Absent	Absent	
GB108	Proto-Eastern Polynesian	Absent	Absent	Absent	Absent	Absent	Absent	Absent	
GB109	Proto-Oceanic	Absent	Absent	Absent	Absent	Absent	Absent	Absent	
GB109	Proto-Central Pacific	Absent	Absent	Absent	Absent	Absent	Absent	Absent	
GB109	Proto-Polynesian	Absent	Absent	Absent	Present	Present	Present	Absent	
GB109	Proto-Eastern Polynesian	Absent	Absent	Absent	Absent	Present	Absent	Absent	
GB110	Proto-Oceanic	Absent	Absent	Absent				Absent	
GB110	Proto-Central Pacific	Absent	Absent	Absent				Absent	
GB110	Proto-Polynesian	Absent	Absent	Absent				Absent	
GB110	Proto-Eastern Polynesian	Absent	Absent	Absent				Absent	
GB111	Proto-Oceanic	Absent	Absent	Absent	Absent	Absent	Absent	Absent	
GB111	Proto-Central Pacific	Absent	Absent	Absent	Absent	Absent	Absent	Absent	
GB111	Proto-Polynesian	Absent	Absent	Absent	Absent	Absent	Absent	Absent	
GB111	Proto-Eastern Polynesian	Absent	Absent	Absent	Absent	Absent	Absent	Absent	
GB113	Proto-Central Pacific	Present	Present	Present	Present	Present	Present	Present	Present
GB113	Proto-Oceanic	Present	Present	Present	Present	Present	Present	Present	Present
GB113	Proto-Polynesian	Present	Present	Present	Present	Present	Present	Present	Present
GB113	Proto-Eastern Polynesian	Present	Present	Present	Present	Present	Present	Present	
GB114	Proto-Oceanic	Absent	Absent	Absent	Absent	Absent	Absent	Absent	
GB114	Proto-Central Pacific	Absent	Absent	Absent	Absent	Absent	Absent	Absent	
GB114	Proto-Polynesian	Absent	Absent	Absent	Absent	Absent	Absent	Absent	
GB114	Proto-Eastern Polynesian	Absent	Absent	Absent	Absent	Absent	Absent	Absent	
GB115	Proto-Central Pacific	Present	Present	Present	Present	Present	Present	Half	Present
GB115	Proto-Oceanic	Present	Present	Present	Present	Present	Present	Half	Present
GB115	Proto-Polynesian	Present	Present	Present	Present	Present	Present	Half	Present
GB115	Proto-Eastern Polynesian	Absent	Absent	Absent	Absent	Present	Absent	Absent	
GB116	Proto-Oceanic	Absent	Absent	Absent	Absent	Absent	Absent	Absent	
GB116	Proto-Central Pacific	Absent	Absent	Absent	Absent	Absent	Absent	Absent	
GB116	Proto-Polynesian	Absent	Absent	Absent	Absent	Absent	Absent	Absent	
GB116	Proto-Eastern Polynesian	Absent	Absent	Absent	Absent	Absent	Absent	Absent	
GB117	Proto-Oceanic	Absent	Absent	Absent	Absent	Absent	Absent	Absent	Absent
GB117	Proto-Central Pacific	Absent	Absent	Absent	Absent	Absent	Absent	Absent	
GB117	Proto-Polynesian	Absent	Half	Absent	Absent	Absent	Absent	Absent	
GB117	Proto-Eastern Polynesian	Absent	Absent	Absent	Absent	Absent	Absent	Absent	
GB118	Proto-Oceanic	Present	Present	Present	Absent	Present	Present	Present	
GB118	Proto-Central Pacific	Present	Half	Present	Absent	Present	Present	Half	
GB118	Proto-Polynesian	Present	Present	Present	Half	Present	Present	Present	
GB118	Proto-Eastern Polynesian	Absent	Absent	Absent	Absent	Present	Absent	Absent	
GB119	Proto-Oceanic	Absent	Absent	Absent	Absent	Absent	Absent	Absent	
GB119	Proto-Central Pacific	Absent	Absent	Absent	Absent	Absent	Absent	Absent	
GB119	Proto-Polynesian	Absent	Absent	Absent	Absent	Absent	Absent	Absent	
GB119	Proto-Eastern Polynesian	Absent	Absent	Absent	Absent	Absent	Absent	Absent	
GB120	Proto-Oceanic	Absent	Absent	Absent	Absent	Absent	Absent	Absent	
GB120	Proto-Central Pacific	Absent	Absent	Absent	Absent	Absent	Absent	Absent	
GB120	Proto-Polynesian	Absent	Absent	Absent	Absent	Absent	Absent	Absent	
GB120	Proto-Eastern Polynesian	Absent	Absent	Absent	Absent	Absent	Absent	Absent	
GB121	Proto-Oceanic	Absent	Absent	Absent	Absent	Absent	Absent	Absent	Absent
GB121	Proto-Central Pacific	Absent	Absent	Absent	Absent	Absent	Absent	Absent	
GB121	Proto-Polynesian	Absent	Absent	Absent	Absent	Absent	Absent	Absent	
GB121	Proto-Eastern Polynesian	Absent	Absent	Absent	Absent	Absent	Absent	Absent	
GB122	Proto-Oceanic	Present	Absent	Absent	Present	Half	Half	Half	
GB122	Proto-Central Pacific	Present	Half	Present	Present	Half	Half	Half	
GB122	Proto-Polynesian	Present	Half	Present	Present	Half	Half	Half	
GB122	Proto-Eastern Polynesian	Absent	Absent	Absent	Absent	Half	Half	Absent	
GB124	Proto-Oceanic	Absent	Absent	Absent	Absent	Present	Present	Half	
GB124	Proto-Central Pacific	Present	Present	Present	Present	Present	Present	Present	
GB124	Proto-Polynesian	Present	Present	Present	Present	Present	Present	Present	
GB124	Proto-Eastern Polynesian	Absent	Present	Present	Absent	Present	Present	Present	
GB126	Proto-Oceanic	Present	Present	Present	Present	Present	Present	Present	
GB126	Proto-Central Pacific	Present	Present	Present	Present	Present	Present	Present	
GB126	Proto-Polynesian	Present	Present	Present	Present	Present	Present	Present	
GB126	Proto-Eastern Polynesian	Present	Present	Present	Present	Present	Present	Present	
GB127	Proto-Oceanic	Absent	Absent	Absent	Absent	Absent	Absent	Absent	
GB127	Proto-Central Pacific	Absent	Absent	Absent	Absent	Absent	Absent	Absent	
GB127	Proto-Polynesian	Absent	Absent	Absent	Absent	Absent	Absent	Absent	
GB127	Proto-Eastern Polynesian	Absent	Absent	Absent	Absent	Absent	Absent	Absent	
GB129	Proto-Oceanic	Absent	Absent	Absent	Absent	Absent	Absent	Absent	
GB129	Proto-Central Pacific	Absent	Absent	Absent	Absent	Absent	Absent	Absent	
GB129	Proto-Polynesian	Absent	Absent	Absent	Absent	Absent	Absent	Absent	
GB129	Proto-Eastern Polynesian	Absent	Absent	Absent	Absent	Absent	Absent	Absent	
GB131	Proto-Central Pacific	Absent	Absent	Absent	Absent	Absent	Absent	Present	Present
GB131	Proto-Oceanic	Absent	Absent	Absent	Absent	Absent	Absent	Absent	Present
GB131	Proto-Polynesian	Present	Absent	Absent	Present	Present	Present	Present	Present
GB131	Proto-Eastern Polynesian	Present	Present	Present	Present	Present	Present	Present	
GB132	Proto-Central Pacific	Present	Present	Present	Present	Present	Absent	Absent	Absent
GB132	Proto-Oceanic	Present	Half	Present	Present	Present	Absent	Present	Present
GB132	Proto-Polynesian	Present	Present	Present	Present	Absent	Absent	Absent	Absent
GB132	Proto-Eastern Polynesian	Absent	Absent	Absent	Absent	Absent	Absent	Absent	
GB133	Proto-Central Pacific	Absent	Absent	Absent	Absent	Absent	Absent	Absent	Absent
GB133	Proto-Oceanic	Absent	Half	Absent	Absent	Absent	Absent	Absent	Present
GB133	Proto-Polynesian	Absent	Absent	Absent	Absent	Absent	Absent	Absent	Absent
GB133	Proto-Eastern Polynesian	Absent	Absent	Absent	Absent	Absent	Absent	Absent	
GB134	Proto-Oceanic	Present	Present	Present	Present	Present	Present	Present	
GB134	Proto-Central Pacific	Present	Present	Present	Present	Present	Present	Present	
GB134	Proto-Polynesian	Present	Present	Present	Present	Present	Present	Present	
GB134	Proto-Eastern Polynesian	Present	Present	Present	Present	Present	Present	Present	
GB135	Proto-Oceanic	Present	Present	Present	Present	Present	Present	Present	
GB135	Proto-Central Pacific	Present	Present	Present	Present	Present	Present	Present	
GB135	Proto-Polynesian	Present	Present	Present	Present	Present	Present	Present	
GB135	Proto-Eastern Polynesian	Present	Present	Present	Present	Present	Present	Present	
GB136	Proto-Oceanic	Present	Present	Present	Absent	Present	Present	Present	
GB136	Proto-Central Pacific	Present	Present	Present	Absent	Half	Half	Half	
GB136	Proto-Polynesian	Present	Present	Present	Absent	Half	Absent	Present	
GB136	Proto-Eastern Polynesian	Present	Present	Present	Present	Half	Half	Present	
GB137	Proto-Oceanic	Absent	Absent	Absent	Absent	Absent	Absent	Absent	
GB137	Proto-Central Pacific	Absent	Absent	Absent	Absent	Absent	Absent	Absent	
GB137	Proto-Polynesian	Absent	Absent	Absent	Absent	Absent	Absent	Absent	
GB137	Proto-Eastern Polynesian	Absent	Absent	Absent	Absent	Absent	Absent	Absent	
GB138	Proto-Oceanic	Absent	Absent	Absent	Half	Absent	Absent	Absent	
GB138	Proto-Central Pacific	Absent	Absent	Absent	Absent	Absent	Absent	Half	
GB138	Proto-Polynesian	Absent	Absent	Absent	Half	Absent	Absent	Half	
GB138	Proto-Eastern Polynesian	Present	Present	Present	Present	Absent	Absent	Present	
GB139	Proto-Polynesian	Present	Present	Present	Present	Present	Present	Present	Present
GB139	Proto-Oceanic	Present	Present	Present	Present	Present	Present	Present	
GB139	Proto-Central Pacific	Present	Present	Present	Present	Present	Present	Present	
GB139	Proto-Eastern Polynesian	Present	Present	Present	Present	Present	Present	Present	
GB140	Proto-Eastern Polynesian	Absent	Present	Present	Absent	Half	Half	Absent	Absent
GB140	Proto-Oceanic	Half	Present	Present	Half	Half	Half	Half	Absent
GB140	Proto-Central Pacific	Absent	Present	Present	Absent	Half	Half	Half	
GB140	Proto-Polynesian	Half	Absent	Absent	Present	Half	Half	Half	
GB146	Proto-Oceanic	Absent	Absent	Absent	Absent	Absent	Absent	Absent	
GB146	Proto-Central Pacific	Absent	Absent	Absent	Absent	Absent	Absent	Absent	
GB146	Proto-Polynesian	Absent	Absent	Absent	Absent	Absent	Absent	Absent	
GB146	Proto-Eastern Polynesian	Absent	Absent	Absent	Absent	Absent	Absent	Absent	
GB147	Proto-Eastern Polynesian	Present	Present	Present	Present	Half	Present	Present	Present
GB147	Proto-Oceanic	Absent	Absent	Absent	Absent	Absent	Absent	Absent	Absent
GB147	Proto-Polynesian	Absent	Absent	Absent	Absent	Absent	Absent	Half	Present
GB147	Proto-Central Pacific	Absent	Half	Absent	Absent	Absent	Absent	Half	
GB148	Proto-Oceanic	Absent	Absent	Absent	Absent	Absent	Absent	Absent	
GB148	Proto-Central Pacific	Half	Absent	Absent	Half	Absent	Absent	Absent	
GB148	Proto-Polynesian	Absent	Absent	Absent	Absent	Absent	Absent	Absent	
GB148	Proto-Eastern Polynesian	Absent	Absent	Absent	Absent	Absent	Absent	Absent	
GB149	Proto-Oceanic	Absent	Absent	Absent				Absent	
GB149	Proto-Central Pacific	Absent	Absent	Absent				Absent	
GB149	Proto-Polynesian	Absent	Absent	Absent				Absent	
GB149	Proto-Eastern Polynesian	Absent	Absent	Absent				Absent	
GB150	Proto-Oceanic	Absent	Absent	Absent	Absent	Absent	Absent	Absent	
GB150	Proto-Central Pacific	Absent	Absent	Absent	Absent	Absent	Absent	Absent	
GB150	Proto-Polynesian	Absent	Absent	Absent	Absent	Absent	Absent	Absent	
GB150	Proto-Eastern Polynesian	Absent	Absent	Absent	Absent	Absent	Absent	Absent	
GB151	Proto-Oceanic	Absent	Absent	Absent	Absent	Absent	Absent	Absent	
GB151	Proto-Central Pacific	Absent	Absent	Absent	Absent	Absent	Absent	Absent	
GB151	Proto-Polynesian	Absent	Absent	Absent	Absent	Absent	Absent	Absent	
GB151	Proto-Eastern Polynesian	Absent	Absent	Absent	Absent	Absent	Absent	Absent	
GB152	Proto-Oceanic	Absent	Absent	Absent	Absent	Absent	Absent	Absent	
GB152	Proto-Central Pacific	Absent	Absent	Absent	Absent	Absent	Absent	Absent	
GB152	Proto-Polynesian	Absent	Absent	Absent	Absent	Absent	Absent	Absent	
GB152	Proto-Eastern Polynesian	Absent	Absent	Absent	Absent	Absent	Absent	Absent	
GB155	Proto-Central Pacific	Present	Present	Present	Present	Present	Present	Present	Present
GB155	Proto-Oceanic	Present	Present	Present	Present	Present	Present	Present	Present
GB155	Proto-Polynesian	Present	Present	Present	Present	Present	Present	Present	
GB155	Proto-Eastern Polynesian	Present	Present	Present	Present	Present	Present	Present	
GB156	Proto-Oceanic	Absent	Absent	Absent	Absent	Absent	Absent	Absent	
GB156	Proto-Central Pacific	Absent	Absent	Absent	Absent	Absent	Absent	Absent	
GB156	Proto-Polynesian	Absent	Absent	Absent	Absent	Absent	Absent	Absent	
GB156	Proto-Eastern Polynesian	Absent	Absent	Absent	Absent	Absent	Absent	Absent	
GB158	Proto-Oceanic	Present	Present	Present	Present	Present	Present	Present	Present
GB158	Proto-Central Pacific	Present	Present	Present	Present	Present	Present	Present	
GB158	Proto-Polynesian	Present	Present	Present	Present	Present	Present	Present	
GB158	Proto-Eastern Polynesian	Present	Present	Present	Present	Present	Present	Present	
GB159	Proto-Oceanic	Present	Present	Present	Half	Present	Half	Present	Present
GB159	Proto-Central Pacific	Present	Present	Present	Present	Present	Present	Present	
GB159	Proto-Polynesian	Present	Present	Present	Present	Present	Present	Present	
GB159	Proto-Eastern Polynesian	Present	Present	Present	Present	Present	Present	Present	
GB160	Proto-Oceanic	Present	Present	Present	Present	Half	Half	Half	
GB160	Proto-Central Pacific	Present	Present	Present	Present	Half	Half	Half	
GB160	Proto-Polynesian	Half	Absent	Absent	Half	Half	Absent	Absent	
GB160	Proto-Eastern Polynesian	Absent	Absent	Absent	Absent	Half	Absent	Half	
GB165	Proto-Oceanic	Absent	Absent	Absent	Absent	Absent	Absent	Absent	
GB165	Proto-Central Pacific	Absent	Absent	Absent	Absent	Absent	Absent	Absent	
GB165	Proto-Polynesian	Absent	Absent	Absent	Absent	Absent	Absent	Absent	
GB165	Proto-Eastern Polynesian	Absent	Absent	Absent	Absent	Absent	Absent	Absent	
GB166	Proto-Oceanic	Absent	Absent	Absent	Absent	Absent	Absent	Absent	
GB166	Proto-Central Pacific	Absent	Absent	Absent	Absent	Absent	Absent	Absent	
GB166	Proto-Polynesian	Absent	Absent	Absent	Absent	Absent	Absent	Absent	
GB166	Proto-Eastern Polynesian	Absent	Absent	Absent	Absent	Absent	Absent	Absent	
GB167	Proto-Oceanic	Absent	Absent	Absent	Absent			Absent	
GB167	Proto-Central Pacific	Absent	Absent	Absent	Absent			Absent	
GB167	Proto-Polynesian	Absent	Absent	Absent	Absent			Absent	
GB167	Proto-Eastern Polynesian	Absent	Absent	Absent	Absent			Absent	
GB170	Proto-Oceanic	Absent	Absent	Absent	Absent	Absent	Absent	Absent	Absent
GB170	Proto-Central Pacific	Absent	Absent	Absent	Absent	Absent	Absent	Absent	
GB170	Proto-Polynesian	Absent	Absent	Absent	Absent	Absent	Absent	Absent	
GB170	Proto-Eastern Polynesian	Absent	Absent	Absent	Absent	Absent	Absent	Absent	
GB171	Proto-Oceanic	Absent	Absent	Absent	Absent	Absent	Absent	Absent	Absent
GB171	Proto-Central Pacific	Absent	Absent	Absent	Absent	Absent	Absent	Absent	
GB171	Proto-Polynesian	Absent	Absent	Absent	Absent	Absent	Absent	Absent	
GB171	Proto-Eastern Polynesian	Absent	Absent	Absent	Absent	Absent	Absent	Absent	
GB172	Proto-Oceanic	Absent	Absent	Absent	Absent	Absent	Absent	Absent	Absent
GB172	Proto-Central Pacific	Absent	Absent	Absent	Absent	Absent	Absent	Absent	
GB172	Proto-Polynesian	Absent	Absent	Absent	Absent	Absent	Absent	Absent	
GB172	Proto-Eastern Polynesian	Absent	Absent	Absent	Absent	Absent	Absent	Absent	
GB177	Proto-Oceanic	Absent	Absent	Absent	Absent	Absent	Absent	Absent	
GB177	Proto-Central Pacific	Absent	Absent	Absent	Absent	Absent	Absent	Absent	
GB177	Proto-Polynesian	Absent	Absent	Absent	Absent	Absent	Absent	Absent	
GB177	Proto-Eastern Polynesian	Absent	Absent	Absent	Absent	Absent	Absent	Absent	
GB184	Proto-Oceanic	Absent	Absent	Absent	Absent	Absent	Absent	Absent	
GB184	Proto-Central Pacific	Absent	Absent	Absent	Absent	Absent	Absent	Absent	
GB184	Proto-Polynesian	Absent	Half	Absent	Absent	Absent	Absent	Absent	
GB184	Proto-Eastern Polynesian	Absent	Absent	Absent	Absent	Absent	Absent	Absent	
GB185	Proto-Oceanic	Absent	Absent	Absent	Absent	Half	Absent	Absent	
GB185	Proto-Central Pacific	Absent	Half	Absent	Absent	Half	Absent	Absent	
GB185	Proto-Polynesian	Absent	Present	Half	Absent	Half	Absent	Absent	
GB185	Proto-Eastern Polynesian	Absent	Absent	Absent	Absent	Half	Absent	Absent	
GB186	Proto-Oceanic	Absent	Absent	Absent	Absent	Absent	Absent	Absent	
GB186	Proto-Central Pacific	Absent	Absent	Absent	Absent	Absent	Half	Present	
GB186	Proto-Polynesian	Absent	Present	Present	Absent	Absent	Present	Present	
GB186	Proto-Eastern Polynesian	Absent	Absent	Absent	Absent	Absent	Present	Absent	
GB187	Proto-Oceanic	Absent	Absent	Absent	Absent	Absent	Absent	Absent	
GB187	Proto-Central Pacific	Absent	Absent	Absent	Absent	Absent	Absent	Absent	
GB187	Proto-Polynesian	Absent	Absent	Absent	Absent	Absent	Absent	Absent	
GB187	Proto-Eastern Polynesian	Absent	Absent	Absent	Absent	Absent	Absent	Absent	
GB188	Proto-Oceanic	Absent	Absent	Absent	Absent	Absent	Absent	Absent	
GB188	Proto-Central Pacific	Absent	Absent	Absent	Absent	Absent	Absent	Absent	
GB188	Proto-Polynesian	Absent	Absent	Absent	Absent	Absent	Absent	Absent	
GB188	Proto-Eastern Polynesian	Absent	Absent	Absent	Absent	Absent	Absent	Absent	
GB192	Proto-Oceanic	Absent	Absent	Absent	Absent	Absent	Absent	Absent	Absent
GB192	Proto-Central Pacific	Absent	Absent	Absent	Absent	Absent	Absent	Absent	
GB192	Proto-Polynesian	Absent	Absent	Absent	Absent	Absent	Absent	Absent	
GB192	Proto-Eastern Polynesian	Absent	Absent	Absent	Absent	Absent	Absent	Absent	
GB196	Proto-Oceanic	Absent	Absent	Absent	Absent			Absent	
GB196	Proto-Central Pacific	Absent	Absent	Absent	Absent			Absent	
GB196	Proto-Polynesian	Absent	Absent	Absent	Absent			Absent	
GB196	Proto-Eastern Polynesian	Absent	Absent	Absent	Absent			Absent	
GB197	Proto-Oceanic	Absent	Absent	Absent	Absent			Absent	
GB197	Proto-Central Pacific	Absent	Absent	Absent	Absent			Absent	
GB197	Proto-Polynesian	Absent	Absent	Absent	Absent			Absent	
GB197	Proto-Eastern Polynesian	Absent	Absent	Absent	Absent			Absent	
GB198	Proto-Oceanic	Absent	Absent	Absent	Absent	Absent	Absent	Absent	Absent
GB198	Proto-Central Pacific	Absent	Absent	Absent	Absent	Absent	Absent	Absent	
GB198	Proto-Polynesian	Absent	Absent	Absent	Absent	Absent	Absent	Absent	
GB198	Proto-Eastern Polynesian	Absent	Absent	Absent	Absent	Absent	Absent	Absent	
GB204	Proto-Oceanic	Present	Half	Absent	Present	Half	Half	Half	
GB204	Proto-Central Pacific	Present	Present	Present	Present	Half	Half	Absent	
GB204	Proto-Polynesian	Absent	Absent	Absent	Absent	Half	Half	Absent	
GB204	Proto-Eastern Polynesian	Absent	Absent	Absent	Half	Half	Half	Half	
GB250	Proto-Oceanic	Absent	Half	Half	Absent	Absent	Absent	Absent	
GB250	Proto-Central Pacific	Absent	Absent	Absent	Absent	Absent	Absent	Absent	
GB250	Proto-Polynesian	Absent	Absent	Absent	Absent	Absent	Absent	Absent	
GB250	Proto-Eastern Polynesian	Absent	Absent	Absent	Absent	Absent	Absent	Absent	
GB254	Proto-Oceanic	Present	Present	Present	Present	Present	Present	Present	
GB254	Proto-Central Pacific	Present	Present	Present	Present	Present	Present	Present	
GB254	Proto-Polynesian	Present	Present	Present	Present	Present	Present	Present	
GB254	Proto-Eastern Polynesian	Present	Present	Present	Present	Present	Present	Present	
GB257	Proto-Oceanic	Present	Present	Present	Present	Present	Present	Present	
GB257	Proto-Central Pacific	Present	Present	Present	Present	Present	Present	Present	
GB257	Proto-Polynesian	Present	Present	Present	Present	Present	Present	Present	
GB257	Proto-Eastern Polynesian	Present	Present	Present	Present	Present	Present	Present	
GB260	Proto-Oceanic	Absent	Absent	Absent	Absent			Absent	Absent
GB260	Proto-Central Pacific	Absent	Absent	Absent	Absent			Absent	
GB260	Proto-Polynesian	Absent	Absent	Absent	Absent			Absent	
GB260	Proto-Eastern Polynesian	Absent	Absent	Absent	Absent			Absent	
GB262	Proto-Oceanic	Absent	Absent	Absent	Absent	Absent	Absent	Absent	Absent
GB262	Proto-Central Pacific	Absent	Absent	Absent	Absent	Present	Absent	Absent	
GB262	Proto-Polynesian	Absent	Absent	Absent	Absent	Present	Absent	Absent	
GB262	Proto-Eastern Polynesian	Absent	Absent	Absent	Absent	Present	Absent	Absent	
GB263	Proto-Oceanic	Absent	Absent	Absent	Absent	Absent	Absent	Absent	
GB263	Proto-Central Pacific	Absent	Absent	Absent	Absent	Absent	Absent	Absent	
GB263	Proto-Polynesian	Absent	Absent	Absent	Half	Absent	Absent	Absent	
GB263	Proto-Eastern Polynesian	Absent	Absent	Absent	Absent	Absent	Absent	Absent	
GB264	Proto-Oceanic	Absent	Absent	Absent	Absent	Absent	Absent	Absent	Absent
GB264	Proto-Central Pacific	Absent	Absent	Absent	Absent	Absent	Absent	Absent	
GB264	Proto-Polynesian	Absent	Absent	Absent	Absent	Absent	Absent	Absent	
GB264	Proto-Eastern Polynesian	Absent	Absent	Absent	Absent	Absent	Absent	Absent	
GB265	Proto-Oceanic	Absent	Absent	Absent	Absent	Absent	Absent	Half	
GB265	Proto-Central Pacific	Absent	Absent	Absent	Absent	Absent	Absent	Absent	
GB265	Proto-Polynesian	Absent	Half	Absent	Absent	Absent	Absent	Absent	
GB265	Proto-Eastern Polynesian	Absent	Present	Absent	Absent	Absent	Absent	Absent	
GB266	Proto-Oceanic	Present	Half	Present	Present	Half	Half	Half	
GB266	Proto-Central Pacific	Present	Present	Present	Present	Half	Present	Present	
GB266	Proto-Polynesian	Present	Present	Present	Present	Half	Present	Present	
GB266	Proto-Eastern Polynesian	Present	Present	Present	Present	Half	Present	Present	
GB275	Proto-Oceanic	Absent	Absent	Absent	Absent	Absent	Absent	Absent	
GB275	Proto-Central Pacific	Absent	Absent	Absent	Absent	Absent	Absent	Absent	
GB275	Proto-Polynesian	Absent	Absent	Absent	Absent	Absent	Absent	Absent	
GB275	Proto-Eastern Polynesian	Absent	Absent	Absent	Absent	Absent	Absent	Absent	
GB276	Proto-Oceanic	Half	Half	Half	Half	Half	Half	Absent	
GB276	Proto-Central Pacific	Present	Present	Present	Present	Half	Present	Present	
GB276	Proto-Polynesian	Present	Present	Present	Present	Half	Present	Present	
GB276	Proto-Eastern Polynesian	Present	Present	Present	Present	Half	Present	Present	
GB285	Proto-Oceanic	Absent	Absent	Absent	Absent	Absent	Absent	Absent	Absent
GB285	Proto-Central Pacific	Absent	Absent	Absent	Absent	Absent	Absent	Absent	
GB285	Proto-Polynesian	Absent	Absent	Absent	Absent	Absent	Absent	Absent	
GB285	Proto-Eastern Polynesian	Absent	Absent	Absent	Absent	Absent	Absent	Absent	
GB286	Proto-Oceanic	Absent	Absent	Absent	Absent	Absent	Absent	Absent	Absent
GB286	Proto-Central Pacific	Absent	Absent	Absent	Absent	Absent	Absent	Absent	
GB286	Proto-Polynesian	Absent	Absent	Absent	Absent	Absent	Absent	Absent	
GB286	Proto-Eastern Polynesian	Absent	Absent	Absent	Absent	Absent	Absent	Absent	
GB291	Proto-Oceanic	Absent	Absent	Absent	Absent	Absent	Absent	Absent	Absent
GB291	Proto-Central Pacific	Absent	Absent	Absent	Absent	Absent	Absent	Absent	
GB291	Proto-Polynesian	Absent	Absent	Absent	Absent	Absent	Absent	Absent	
GB291	Proto-Eastern Polynesian	Absent	Half	Absent	Absent	Absent	Half	Absent	
GB297	Proto-Oceanic	Absent	Absent	Absent	Absent	Absent	Absent	Absent	Absent
GB297	Proto-Central Pacific	Absent	Absent	Absent	Absent	Absent	Absent	Absent	
GB297	Proto-Polynesian	Absent	Absent	Absent	Absent	Absent	Absent	Absent	
GB297	Proto-Eastern Polynesian	Absent	Absent	Absent	Absent	Absent	Absent	Absent	
GB298	Proto-Oceanic	Absent	Absent	Absent	Absent	Absent	Absent	Absent	
GB298	Proto-Central Pacific	Absent	Absent	Absent	Absent	Absent	Absent	Absent	
GB298	Proto-Polynesian	Absent	Absent	Absent	Absent	Absent	Absent	Absent	
GB298	Proto-Eastern Polynesian	Absent	Absent	Absent	Absent	Absent	Absent	Absent	
GB299	Proto-Oceanic	Present	Present	Present	Half	Present	Present	Present	Present
GB299	Proto-Polynesian	Present	Present	Present	Present	Present	Present	Present	Present
GB299	Proto-Central Pacific	Present	Present	Present	Present	Present	Present	Present	
GB299	Proto-Eastern Polynesian	Present	Present	Present	Present	Present	Present	Present	
GB300	Proto-Oceanic	Absent	Absent	Absent	Absent	Absent	Absent	Absent	
GB300	Proto-Central Pacific	Absent	Absent	Absent	Absent	Absent	Absent	Absent	
GB300	Proto-Polynesian	Absent	Absent	Absent	Absent	Absent	Absent	Absent	
GB300	Proto-Eastern Polynesian	Absent	Absent	Absent	Absent	Absent	Absent	Absent	
GB301	Proto-Oceanic	Present	Present	Present	Present	Present	Present	Present	
GB301	Proto-Central Pacific	Present	Half	Absent	Present	Present	Present	Present	
GB301	Proto-Polynesian	Present	Present	Present	Present	Present	Present	Present	
GB301	Proto-Eastern Polynesian	Present	Present	Present	Present	Present	Present	Present	
GB302	Proto-Oceanic	Absent	Absent	Absent	Absent	Absent	Absent	Absent	
GB302	Proto-Central Pacific	Absent	Absent	Absent	Absent	Absent	Absent	Absent	
GB302	Proto-Polynesian	Absent	Absent	Absent	Absent	Absent	Absent	Absent	
GB302	Proto-Eastern Polynesian	Absent	Absent	Absent	Absent	Absent	Absent	Absent	
GB303	Proto-Oceanic	Absent	Absent	Absent	Absent	Absent	Absent	Absent	
GB303	Proto-Central Pacific	Absent	Absent	Absent	Absent	Absent	Absent	Absent	
GB303	Proto-Polynesian	Absent	Absent	Absent	Absent	Absent	Absent	Absent	
GB303	Proto-Eastern Polynesian	Absent	Absent	Absent	Absent	Absent	Absent	Absent	
GB304	Proto-Oceanic	Absent	Absent	Absent	Absent	Absent	Absent	Absent	
GB304	Proto-Central Pacific	Absent	Half	Absent	Absent	Absent	Absent	Half	
GB304	Proto-Polynesian	Absent	Absent	Absent	Absent	Absent	Absent	Half	
GB304	Proto-Eastern Polynesian	Present	Present	Present	Present	Present	Present	Present	
GB305	Proto-Oceanic	Absent	Absent	Absent	Present	Absent	Half	Absent	
GB305	Proto-Central Pacific	Absent	Absent	Absent	Absent	Absent	Absent	Absent	
GB305	Proto-Polynesian	Absent	Absent	Absent	Absent	Absent	Absent	Absent	
GB305	Proto-Eastern Polynesian	Absent	Absent	Absent	Absent	Absent	Absent	Absent	
GB306	Proto-Oceanic	Absent	Absent	Absent	Absent	Absent	Absent	Absent	
GB306	Proto-Central Pacific	Absent	Absent	Absent	Absent	Absent	Absent	Absent	
GB306	Proto-Polynesian	Absent	Absent	Absent	Absent	Absent	Absent	Absent	
GB306	Proto-Eastern Polynesian	Absent	Absent	Absent	Absent	Absent	Absent	Absent	
GB309	Proto-Oceanic	Absent	Absent	Absent	Absent	Absent	Absent	Absent	
GB309	Proto-Central Pacific	Absent	Absent	Absent	Absent	Absent	Absent	Absent	
GB309	Proto-Polynesian	Absent	Absent	Absent	Absent	Absent	Absent	Absent	
GB309	Proto-Eastern Polynesian	Absent	Absent	Absent	Absent	Absent	Absent	Absent	
GB312	Proto-Oceanic	Absent	Present	Present	Absent	Absent	Half	Absent	Present
GB312	Proto-Central Pacific	Absent	Absent	Absent	Absent	Absent	Absent	Absent	
GB312	Proto-Polynesian	Absent	Absent	Absent	Absent	Absent	Absent	Absent	
GB312	Proto-Eastern Polynesian	Absent	Absent	Absent	Absent	Absent	Absent	Absent	
GB313	Proto-Oceanic	Absent	Absent	Absent	Absent	Half	Half	Half	
GB313	Proto-Central Pacific	Absent	Absent	Absent	Absent	Half	Half	Half	
GB313	Proto-Polynesian	Absent	Absent	Absent	Absent	Half	Half	Half	
GB313	Proto-Eastern Polynesian	Absent	Absent	Absent	Absent	Half	Half	Absent	
GB314	Proto-Oceanic	Absent	Absent	Absent	Absent	Absent	Absent	Absent	
GB314	Proto-Central Pacific	Absent	Absent	Absent	Absent	Absent	Absent	Absent	
GB314	Proto-Polynesian	Absent	Absent	Absent	Absent	Absent	Absent	Absent	
GB314	Proto-Eastern Polynesian	Absent	Absent	Absent	Absent	Absent	Absent	Absent	
GB315	Proto-Oceanic	Absent	Absent	Absent				Absent	
GB315	Proto-Central Pacific	Absent	Absent	Absent				Absent	
GB315	Proto-Polynesian	Absent	Absent	Absent				Absent	
GB315	Proto-Eastern Polynesian	Absent	Absent	Absent				Absent	
GB316	Proto-Oceanic	Absent	Absent	Absent	Absent	Absent	Absent	Absent	
GB316	Proto-Central Pacific	Absent	Absent	Absent	Absent	Absent	Absent	Half	
GB316	Proto-Polynesian	Absent	Half	Half	Absent	Absent	Present	Half	
GB316	Proto-Eastern Polynesian	Absent	Absent	Absent	Absent	Absent	Present	Absent	
GB317	Proto-Oceanic	Absent	Absent	Absent	Present	Absent	Absent	Absent	
GB317	Proto-Central Pacific	Absent	Absent	Absent	Absent	Absent	Absent	Absent	
GB317	Proto-Polynesian	Absent	Absent	Absent	Absent	Absent	Absent	Absent	
GB317	Proto-Eastern Polynesian	Absent	Absent	Absent	Absent	Absent	Absent	Absent	
GB318	Proto-Polynesian	Present	Present	Present	Present	Present	Present	Present	Present
GB318	Proto-Oceanic	Absent	Absent	Absent	Absent	Half	Absent	Half	
GB318	Proto-Central Pacific	Absent	Absent	Absent	Absent	Half	Absent	Present	
GB318	Proto-Eastern Polynesian	Present	Present	Present	Present	Present	Present	Present	
GB319	Proto-Oceanic	Absent	Absent	Absent	Absent	Absent	Absent	Absent	
GB319	Proto-Central Pacific	Absent	Absent	Absent	Absent	Absent	Absent	Absent	
GB319	Proto-Polynesian	Absent	Absent	Absent	Absent	Absent	Absent	Absent	
GB319	Proto-Eastern Polynesian	Absent	Absent	Absent	Absent	Absent	Absent	Absent	
GB320	Proto-Oceanic	Absent	Absent	Absent	Absent	Absent	Absent	Absent	
GB320	Proto-Central Pacific	Absent	Absent	Absent	Absent	Absent	Absent	Absent	
GB320	Proto-Polynesian	Absent	Absent	Absent	Absent	Absent	Absent	Absent	
GB320	Proto-Eastern Polynesian	Absent	Absent	Absent	Absent	Absent	Absent	Absent	
GB321	Proto-Oceanic	Absent	Absent	Absent	Absent	Absent	Absent	Absent	
GB321	Proto-Central Pacific	Absent	Absent	Absent	Absent	Absent	Absent	Absent	
GB321	Proto-Polynesian	Absent	Absent	Absent	Absent	Absent	Absent	Absent	
GB321	Proto-Eastern Polynesian	Absent	Absent	Absent	Absent	Absent	Absent	Absent	
GB324	Proto-Oceanic	Absent	Absent	Absent	Present	Absent	Absent	Absent	
GB324	Proto-Central Pacific	Absent	Absent	Absent	Present	Absent	Absent	Half	
GB324	Proto-Polynesian	Absent	Absent	Absent	Absent	Absent	Absent	Half	
GB324	Proto-Eastern Polynesian	Present	Absent	Absent	Present	Absent	Absent	Half	
GB325	Proto-Oceanic	Absent	Absent	Absent	Absent	Absent	Absent	Absent	
GB325	Proto-Central Pacific	Absent	Absent	Absent	Absent	Absent	Absent	Absent	
GB325	Proto-Polynesian	Absent	Absent	Absent	Absent	Absent	Absent	Absent	
GB325	Proto-Eastern Polynesian	Absent	Absent	Absent	Absent	Absent	Absent	Absent	
GB326	Proto-Oceanic	Present	Present	Present	Present	Present	Present	Present	
GB326	Proto-Central Pacific	Present	Present	Present	Present	Present	Present	Present	
GB326	Proto-Polynesian	Present	Present	Present	Present	Present	Present	Present	
GB326	Proto-Eastern Polynesian	Present	Present	Present	Present	Present	Present	Present	
GB327	Proto-Polynesian	Present	Present	Present	Present	Present	Present	Present	Present
GB327	Proto-Oceanic	Present	Present	Present	Present	Present	Present	Present	
GB327	Proto-Central Pacific	Present	Present	Present	Present	Present	Present	Present	
GB327	Proto-Eastern Polynesian	Present	Present	Present	Present	Present	Present	Present	
GB328	Proto-Polynesian	Absent	Absent	Absent	Absent	Absent	Absent	Absent	Absent
GB328	Proto-Oceanic	Absent	Absent	Absent	Absent	Absent	Absent	Absent	
GB328	Proto-Central Pacific	Absent	Absent	Absent	Absent	Absent	Absent	Absent	
GB328	Proto-Eastern Polynesian	Absent	Absent	Absent	Absent	Absent	Absent	Absent	
GB329	Proto-Oceanic	Absent	Absent	Absent	Absent	Absent	Absent	Absent	
GB329	Proto-Central Pacific	Absent	Absent	Absent	Absent	Absent	Absent	Absent	
GB329	Proto-Polynesian	Absent	Absent	Absent	Absent	Absent	Absent	Absent	
GB329	Proto-Eastern Polynesian	Absent	Absent	Absent	Absent	Absent	Absent	Absent	
GB330	Proto-Oceanic	Absent	Absent	Absent	Absent	Absent	Absent	Absent	
GB330	Proto-Central Pacific	Absent	Absent	Absent	Absent	Absent	Absent	Absent	
GB330	Proto-Polynesian	Absent	Absent	Absent	Absent	Absent	Absent	Absent	
GB330	Proto-Eastern Polynesian	Absent	Absent	Absent	Absent	Absent	Absent	Absent	
GB331	Proto-Oceanic	Absent	Absent	Absent	Absent	Absent	Absent	Absent	
GB331	Proto-Central Pacific	Absent	Absent	Absent	Absent	Absent	Absent	Absent	
GB331	Proto-Polynesian	Absent	Absent	Absent	Absent	Absent	Absent	Absent	
GB331	Proto-Eastern Polynesian	Absent	Present	Half	Absent	Absent	Absent	Absent	
GB333	Proto-Oceanic	Present	Present	Present	Present	Absent	Present	Present	Present
GB333	Proto-Central Pacific	Present	Present	Present	Present	Present	Present	Present	
GB333	Proto-Polynesian	Present	Present	Present	Present	Present	Present	Present	
GB333	Proto-Eastern Polynesian	Present	Present	Present	Present	Present	Present	Present	
GB334	Proto-Oceanic	Absent	Half	Half	Absent	Present	Absent	Half	
GB334	Proto-Central Pacific	Absent	Absent	Absent	Absent	Absent	Absent	Absent	
GB334	Proto-Polynesian	Absent	Absent	Absent	Absent	Absent	Absent	Absent	
GB334	Proto-Eastern Polynesian	Absent	Absent	Absent	Absent	Absent	Absent	Absent	
GB335	Proto-Oceanic	Absent	Absent	Absent	Absent	Absent	Absent	Absent	
GB335	Proto-Central Pacific	Absent	Absent	Absent	Absent	Absent	Absent	Absent	
GB335	Proto-Polynesian	Absent	Absent	Absent	Absent	Absent	Absent	Absent	
GB335	Proto-Eastern Polynesian	Absent	Absent	Absent	Absent	Absent	Absent	Absent	
GB336	Proto-Oceanic	Absent	Absent	Absent	Absent	Absent	Absent	Absent	
GB336	Proto-Central Pacific	Absent	Absent	Absent	Absent	Absent	Absent	Absent	
GB336	Proto-Polynesian	Absent	Absent	Absent	Absent	Absent	Absent	Absent	
GB336	Proto-Eastern Polynesian	Absent	Absent	Absent	Absent	Absent	Absent	Absent	
GB400	Proto-Oceanic	Absent	Absent	Absent	Absent	Absent	Absent	Absent	
GB400	Proto-Central Pacific	Absent	Absent	Absent	Absent	Absent	Absent	Absent	
GB400	Proto-Polynesian	Absent	Absent	Absent	Absent	Absent	Absent	Absent	
GB400	Proto-Eastern Polynesian	Absent	Absent	Absent	Absent	Absent	Absent	Absent	
GB402	Proto-Oceanic	Absent	Absent	Absent	Absent	Absent	Absent	Absent	
GB402	Proto-Central Pacific	Absent	Absent	Absent	Absent	Absent	Absent	Absent	
GB402	Proto-Polynesian	Absent	Absent	Absent	Absent	Absent	Absent	Absent	
GB402	Proto-Eastern Polynesian	Absent	Absent	Absent	Absent	Absent	Absent	Absent	
GB403	Proto-Oceanic	Absent	Absent	Absent	Absent	Absent	Absent	Absent	
GB403	Proto-Central Pacific	Absent	Absent	Absent	Absent	Absent	Absent	Half	
GB403	Proto-Polynesian	Present	Half	Half	Present	Present	Present	Half	
GB403	Proto-Eastern Polynesian	Absent	Half	Absent	Absent	Present	Present	Absent	
GB408	Proto-Eastern Polynesian	Present	Present	Present	Present	Half	Present	Present	Present
GB408	Proto-Oceanic	Absent	Absent	Absent	Absent	Half	Absent	Absent	Present
GB408	Proto-Central Pacific	Absent	Half	Half	Absent	Half	Half	Half	
GB409	Proto-Eastern Polynesian	Absent	Present	Present	Present	Present	Present	Half	Absent
GB409	Proto-Oceanic	Absent	Absent	Absent	Absent	Absent	Absent	Absent	Absent
GB410	Proto-Central Pacific	Half	Present	Present	Absent	Present	Present	Half	Present
GB410	Proto-Oceanic	Present	Present	Present	Half	Present	Present	Present	
GB410	Proto-Polynesian	Absent	Present	Present	Absent	Present	Present	Half	
GB410	Proto-Eastern Polynesian	Absent	Half	Present	Absent	Present	Present	Absent	
GB415	Proto-Oceanic	Absent	Absent	Absent	Absent	Absent	Absent	Absent	
GB415	Proto-Central Pacific	Absent	Absent	Absent	Absent	Absent	Absent	Absent	
GB415	Proto-Polynesian	Absent	Absent	Absent	Absent	Absent	Absent	Absent	
GB415	Proto-Eastern Polynesian	Absent	Absent	Absent	Absent	Absent	Absent	Absent	
GB421	Proto-Oceanic	Present	Half	Present	Present	Present	Present	Present	
GB421	Proto-Central Pacific	Present	Present	Present	Present	Present	Present	Half	
GB421	Proto-Polynesian	Half	Half	Present	Half	Half	Absent	Half	
GB421	Proto-Eastern Polynesian	Present	Present	Present	Half	Half	Half	Half	
GB422	Proto-Oceanic	Absent	Absent	Absent	Absent	Absent	Absent	Absent	
GB422	Proto-Central Pacific	Absent	Absent	Absent	Absent	Absent	Absent	Absent	
GB422	Proto-Polynesian	Absent	Absent	Absent	Absent	Absent	Absent	Absent	
GB422	Proto-Eastern Polynesian	Absent	Absent	Absent	Absent	Absent	Absent	Absent	
GB430	Proto-Oceanic	Absent	Absent	Absent	Absent	Absent	Absent	Absent	Absent
GB430	Proto-Central Pacific	Absent	Absent	Absent	Absent	Absent	Absent	Absent	
GB430	Proto-Polynesian	Absent	Absent	Absent	Absent	Absent	Absent	Absent	
GB430	Proto-Eastern Polynesian	Absent	Absent	Absent	Absent	Absent	Absent	Absent	
GB431	Proto-Oceanic	Absent	Absent	Absent	Absent	Absent	Absent	Absent	Absent
GB431	Proto-Central Pacific	Absent	Absent	Absent	Absent	Absent	Absent	Absent	
GB431	Proto-Polynesian	Absent	Absent	Absent	Absent	Absent	Absent	Absent	
GB431	Proto-Eastern Polynesian	Absent	Absent	Absent	Absent	Absent	Absent	Absent	
GB432	Proto-Oceanic	Absent	Absent	Absent	Absent	Absent	Absent	Absent	Absent
GB432	Proto-Central Pacific	Absent	Absent	Absent	Absent	Absent	Absent	Absent	
GB432	Proto-Polynesian	Absent	Absent	Absent	Absent	Absent	Absent	Absent	
GB432	Proto-Eastern Polynesian	Absent	Absent	Absent	Absent	Absent	Absent	Absent	
GB433	Proto-Oceanic	Present	Present	Present	Present	Present	Present	Present	Present
GB433	Proto-Central Pacific	Present	Present	Present	Present	Present	Present	Absent	
GB433	Proto-Polynesian	Absent	Absent	Absent	Absent	Absent	Absent	Absent	
GB433	Proto-Eastern Polynesian	Absent	Absent	Absent	Absent	Absent	Absent	Absent	
GB519	Proto-Polynesian	Present	Present	Present	Present	Present	Present	Present	Present
GB519	Proto-Oceanic	Present	Half	Present	Absent	Present	Half	Present	
GB519	Proto-Central Pacific	Present	Present	Present	Present	Present	Present	Present	
GB519	Proto-Eastern Polynesian	Present	Present	Present	Present	Present	Present	Present	
GB520	Proto-Central Pacific	Present	Present	Present	Present	Present	Present	Present	Present
GB520	Proto-Polynesian	Present	Present	Present	Present	Present	Present	Present	Present
GB520	Proto-Oceanic	Present	Present	Present	Absent	Present	Absent	Present	
GB520	Proto-Eastern Polynesian	Present	Present	Present	Present	Present	Present	Present	
GB521	Proto-Central Pacific	Present	Present	Present	Present	Present	Half	Present	Present
GB521	Proto-Oceanic	Absent	Absent	Absent	Absent	Absent	Absent	Half	Absent
GB521	Proto-Polynesian	Present	Present	Present	Present	Present	Present	Present	
GB521	Proto-Eastern Polynesian	Present	Present	Present	Present	Present	Present	Present	
GB522	Proto-Oceanic	Present	Present	Present	Absent	Present	Present	Present	Present
GB522	Proto-Polynesian	Present	Present	Present	Present	Present	Present	Present	Present
GB522	Proto-Central Pacific	Absent	Absent	Absent	Absent	Present	Present	Present	
GB522	Proto-Eastern Polynesian	Present	Present	Present	Present	Present	Present	Present	
GB046	Proto-Oceanic		Absent	Absent		Absent	Absent		
GB046	Proto-Central Pacific		Half	Half		Absent	Absent		
GB046	Proto-Polynesian		Absent	Absent		Absent	Absent		
GB046	Proto-Eastern Polynesian		Absent	Absent		Absent	Absent		
